Time.time,Fish.FishCount,Fish.FishCountMale,Fish.FishCountFemale,Fish.meanViewRadius,Fish.meanImpulseTime,Fish.meanKyuukaku,Fish.meanSoshakuJikan,Fish.meanMatingRestJikan,Fish.meanMatingAge,Fish.meanJumyo,Fish.meanPotentialBenefitOfMovement,Fish.meanMinimumEnergyToMate,Fish.meanMinimumLifeToEat,Fish.meanRelativeBenefitParameter,Fish.meanRelativeCostParameter
0,0,0,0,0,0,0,0,0,0,0,0,0,0,0,0
0.9842601,30,15,15,3.06331,9.088035,26.33702,7.928463,8.023323,31.40658,151.7875,4.474226,20.74896,22.23049,0.04353732,0.03420688
1.986752,30,15,15,3.06331,9.088035,26.33702,7.928463,8.023323,31.40658,151.7875,4.474226,20.74896,22.23049,0.04353732,0.03420688
2.986743,30,15,15,3.06331,9.088035,26.33702,7.928463,8.023323,31.40658,151.7875,4.474226,20.74896,22.23049,0.04353732,0.03420688
4.175575,30,15,15,3.06331,9.088035,26.33702,7.928463,8.023323,31.40658,151.7875,4.474226,20.74896,22.23049,0.04353732,0.03420688
5.16497,30,15,15,3.06331,9.088035,26.33702,7.928463,8.023323,31.40658,151.7875,4.474226,20.74896,22.23049,0.04353732,0.03420688
6.167194,30,15,15,3.06331,9.088035,26.33702,7.928463,8.023323,31.40658,151.7875,4.474226,20.74896,22.23049,0.04353732,0.03420688
7.176018,30,15,15,3.06331,9.088035,26.33702,7.928463,8.023323,31.40658,151.7875,4.474226,20.74896,22.23049,0.04353732,0.03420688
8.187743,30,15,15,3.06331,9.088035,26.33702,7.928463,8.023323,31.40658,151.7875,4.474226,20.74896,22.23049,0.04353732,0.03420688
9.184514,30,15,15,3.06331,9.088035,26.33702,7.928463,8.023323,31.40658,151.7875,4.474226,20.74896,22.23049,0.04353732,0.03420688
10.18574,30,15,15,3.06331,9.088035,26.33702,7.928463,8.023323,31.40658,151.7875,4.474226,20.74896,22.23049,0.04353732,0.03420688
11.18706,30,15,15,3.06331,9.088035,26.33702,7.928463,8.023323,31.40658,151.7875,4.474226,20.74896,22.23049,0.04353732,0.03420688
12.18791,30,15,15,3.06331,9.088035,26.33702,7.928463,8.023323,31.40658,151.7875,4.474226,20.74896,22.23049,0.04353732,0.03420688
13.18969,30,15,15,3.06331,9.088035,26.33702,7.928463,8.023323,31.40658,151.7875,4.474226,20.74896,22.23049,0.04353732,0.03420688
14.19142,30,15,15,3.06331,9.088035,26.33702,7.928463,8.023323,31.40658,151.7875,4.474226,20.74896,22.23049,0.04353732,0.03420688
15.19083,30,15,15,3.06331,9.088035,26.33702,7.928463,8.023323,31.40658,151.7875,4.474226,20.74896,22.23049,0.04353732,0.03420688
16.19181,30,15,15,3.06331,9.088035,26.33702,7.928463,8.023323,31.40658,151.7875,4.474226,20.74896,22.23049,0.04353732,0.03420688
17.19296,30,15,15,3.06331,9.088035,26.33702,7.928463,8.023323,31.40658,151.7875,4.474226,20.74896,22.23049,0.04353732,0.03420688
18.19393,30,15,15,3.06331,9.088035,26.33702,7.928463,8.023323,31.40658,151.7875,4.474226,20.74896,22.23049,0.04353732,0.03420688
19.19462,30,15,15,3.06331,9.088035,26.33702,7.928463,8.023323,31.40658,151.7875,4.474226,20.74896,22.23049,0.04353732,0.03420688
20.19514,30,15,15,3.06331,9.088035,26.33702,7.928463,8.023323,31.40658,151.7875,4.474226,20.74896,22.23049,0.04353732,0.03420688
21.19613,30,15,15,3.06331,9.088035,26.33702,7.928463,8.023323,31.40658,151.7875,4.474226,20.74896,22.23049,0.04353732,0.03420688
22.19683,30,15,15,3.06331,9.088035,26.33702,7.928463,8.023323,31.40658,151.7875,4.474226,20.74896,22.23049,0.04353732,0.03420688
23.19849,29,15,14,3.038721,9.306418,25.70893,7.688886,7.94372,31.70758,152.1392,4.526744,20.36356,22.86133,0.0441054,0.03490451
24.201,28,14,14,3.070754,9.322984,25.99027,7.811491,8.122481,31.45863,153.7522,4.415987,20.80914,23.19204,0.04503857,0.0347552
25.20146,28,14,14,3.070754,9.322984,25.99027,7.811491,8.122481,31.45863,153.7522,4.415987,20.80914,23.19204,0.04503857,0.0347552
26.20337,27,14,13,3.050803,9.601522,25.45841,8.018182,7.950631,31.86268,154.0662,4.306285,21.41196,22.98923,0.04541461,0.03520753
27.20493,26,13,13,3.068391,9.909462,25.09735,7.829279,7.770788,32.26027,155.2839,4.323867,21.97106,23.2951,0.0446621,0.03529039
28.20534,24,11,13,3.049171,9.740396,25.64989,8.267343,7.928062,32.04308,153.0536,4.204561,20.88964,22.35607,0.04724653,0.03389134
29.20511,22,10,12,3.005147,9.578644,25.36009,8.413843,8.010862,32.4411,149.6391,3.996939,21.01331,21.98844,0.04376782,0.03561091
30.20626,22,10,12,3.005147,9.578644,25.36009,8.413843,8.010862,32.4411,149.6391,3.996939,21.01331,21.98844,0.04376782,0.03561091
31.20891,22,10,12,3.005147,9.578644,25.36009,8.413843,8.010862,32.4411,149.6391,3.996939,21.01331,21.98844,0.04376782,0.03561091
32.21399,22,10,12,3.005147,9.578644,25.36009,8.413843,8.010862,32.4411,149.6391,3.996939,21.01331,21.98844,0.04376782,0.03561091
33.21313,22,10,12,3.005147,9.578644,25.36009,8.413843,8.010862,32.4411,149.6391,3.996939,21.01331,21.98844,0.04376782,0.03561091
34.21449,23,11,12,3.016096,9.686152,24.79939,8.666821,7.967433,31.71455,148.6001,4.10545,21.66303,21.43223,0.04431823,0.0356576
35.21492,22,11,11,2.973197,10.01204,24.78521,8.811958,7.671459,31.48801,146.8324,4.163197,22.13077,21.65635,0.04584381,0.03526113
36.2152,20,11,9,3.03698,9.718191,24.96635,8.567769,7.87585,31.05695,145.1725,4.307738,21.28398,21.25889,0.04593283,0.03186991
37.21575,20,11,9,3.03698,9.718191,24.96635,8.567769,7.87585,31.05695,145.1725,4.307738,21.28398,21.25889,0.04593283,0.03186991
38.21571,20,11,9,3.03698,9.718191,24.96635,8.567769,7.87585,31.05695,145.1725,4.307738,21.28398,21.25889,0.04593283,0.03186991
39.21721,20,11,9,3.03698,9.718191,24.96635,8.567769,7.87585,31.05695,145.1725,4.307738,21.28398,21.25889,0.04593283,0.03186991
40.22168,20,12,8,3.089437,9.474853,25.49825,8.051642,7.850387,29.73091,143.5538,4.245455,20.99028,20.00862,0.04390657,0.0309168
41.21997,18,11,7,3.09746,9.463597,24.80827,8.147325,7.351863,29.41203,143.4211,4.079654,22.08143,20.57268,0.04525835,0.02532994
42.22189,18,11,7,3.09746,9.463597,24.80827,8.147325,7.351863,29.41203,143.4211,4.079654,22.08143,20.57268,0.04525835,0.02532994
43.2236,18,11,7,3.09746,9.463597,24.80827,8.147325,7.351863,29.41203,143.4211,4.079654,22.08143,20.57268,0.04525835,0.02532994
44.22441,16,9,7,3.178722,9.077691,24.2631,8.382204,6.979876,30.18843,141.9128,3.933454,22.45495,21.31597,0.04384426,0.02568998
45.22897,16,9,7,3.178722,9.077691,24.2631,8.382204,6.979876,30.18843,141.9128,3.933454,22.45495,21.31597,0.04384426,0.02568998
46.22921,14,7,7,3.258765,8.612173,23.50757,8.01414,6.778339,29.4231,141.673,4.344255,25.31142,20.07093,0.04323991,0.02618077
47.23068,14,7,7,3.258765,8.612173,23.50757,8.01414,6.778339,29.4231,141.673,4.344255,25.31142,20.07093,0.04323991,0.02618077
48.23129,14,7,7,3.258765,8.612173,23.50757,8.01414,6.778339,29.4231,141.673,4.344255,25.31142,20.07093,0.04323991,0.02618077
49.23219,14,7,7,3.258765,8.612173,23.50757,8.01414,6.778339,29.4231,141.673,4.344255,25.31142,20.07093,0.04323991,0.02618077
50.23229,14,7,7,3.258765,8.612173,23.50757,8.01414,6.778339,29.4231,141.673,4.344255,25.31142,20.07093,0.04323991,0.02618077
51.23266,14,7,7,3.258765,8.612173,23.50757,8.01414,6.778339,29.4231,141.673,4.344255,25.31142,20.07093,0.04323991,0.02618077
52.23366,13,7,6,3.223606,8.285109,23.67081,8.33975,6.960859,30.20841,142.7238,4.290154,27.02518,21.16966,0.04538463,0.02617381
53.23549,13,7,6,3.223606,8.285109,23.67081,8.33975,6.960859,30.20841,142.7238,4.290154,27.02518,21.16966,0.04538463,0.02617381
54.23724,13,7,6,3.223606,8.285109,23.67081,8.33975,6.960859,30.20841,142.7238,4.290154,27.02518,21.16966,0.04538463,0.02617381
55.23826,13,7,6,3.223606,8.285109,23.67081,8.33975,6.960859,30.20841,142.7238,4.290154,27.02518,21.16966,0.04538463,0.02617381
56.23856,13,7,6,3.223606,8.285109,23.67081,8.33975,6.960859,30.20841,142.7238,4.290154,27.02518,21.16966,0.04538463,0.02617381
57.23878,13,7,6,3.223606,8.285109,23.67081,8.33975,6.960859,30.20841,142.7238,4.290154,27.02518,21.16966,0.04538463,0.02617381
58.23929,13,7,6,3.141534,7.619949,22.98143,8.660878,6.999322,29.81524,146.0954,4.313596,26.53533,21.29174,0.04844136,0.0250661
59.23949,13,7,6,3.141534,7.619949,22.98143,8.660878,6.999322,29.81524,146.0954,4.313596,26.53533,21.29174,0.04844136,0.0250661
60.2397,13,7,6,3.141534,7.619949,22.98143,8.660878,6.999322,29.81524,146.0954,4.313596,26.53533,21.29174,0.04844136,0.0250661
61.24282,13,7,6,3.141534,7.619949,22.98143,8.660878,6.999322,29.81524,146.0954,4.313596,26.53533,21.29174,0.04844136,0.0250661
62.24421,13,7,6,3.141534,7.619949,22.98143,8.660878,6.999322,29.81524,146.0954,4.313596,26.53533,21.29174,0.04844136,0.0250661
63.24574,13,7,6,3.141534,7.619949,22.98143,8.660878,6.999322,29.81524,146.0954,4.313596,26.53533,21.29174,0.04844136,0.0250661
64.24774,13,7,6,3.141534,7.619949,22.98143,8.660878,6.999322,29.81524,146.0954,4.313596,26.53533,21.29174,0.04844136,0.0250661
65.24919,13,7,6,3.141534,7.619949,22.98143,8.660878,6.999322,29.81524,146.0954,4.313596,26.53533,21.29174,0.04844136,0.0250661
66.24975,13,7,6,3.141534,7.619949,22.98143,8.660878,6.999322,29.81524,146.0954,4.313596,26.53533,21.29174,0.04844136,0.0250661
67.25129,12,6,6,3.131914,7.250667,23.85788,8.196591,6.998267,30.98898,147.7915,4.132006,25.7502,22.29974,0.04777588,0.0240979
68.25226,11,5,6,3.206436,6.746551,24.44871,8.497703,6.395957,30.49656,143.7258,3.842238,24.47286,21.99736,0.04957865,0.02462157
69.25591,11,5,6,3.206436,6.746551,24.44871,8.497703,6.395957,30.49656,143.7258,3.842238,24.47286,21.99736,0.04957865,0.02462157
70.25551,11,5,6,3.206436,6.746551,24.44871,8.497703,6.395957,30.49656,143.7258,3.842238,24.47286,21.99736,0.04957865,0.02462157
71.25745,11,5,6,3.206436,6.746551,24.44871,8.497703,6.395957,30.49656,143.7258,3.842238,24.47286,21.99736,0.04957865,0.02462157
72.25932,10,5,5,3.222104,6.263146,22.11396,7.892097,6.221176,30.17462,142.0974,4.004295,22.9348,19.82416,0.04619094,0.02492655
73.26082,10,5,5,3.222104,6.263146,22.11396,7.892097,6.221176,30.17462,142.0974,4.004295,22.9348,19.82416,0.04619094,0.02492655
74.26283,10,5,5,3.222104,6.263146,22.11396,7.892097,6.221176,30.17462,142.0974,4.004295,22.9348,19.82416,0.04619094,0.02492655
75.26414,10,5,5,3.222104,6.263146,22.11396,7.892097,6.221176,30.17462,142.0974,4.004295,22.9348,19.82416,0.04619094,0.02492655
76.26556,10,5,5,3.222104,6.263146,22.11396,7.892097,6.221176,30.17462,142.0974,4.004295,22.9348,19.82416,0.04619094,0.02492655
77.26738,10,5,5,3.222104,6.263146,22.11396,7.892097,6.221176,30.17462,142.0974,4.004295,22.9348,19.82416,0.04619094,0.02492655
78.26756,10,5,5,3.222104,6.263146,22.11396,7.892097,6.221176,30.17462,142.0974,4.004295,22.9348,19.82416,0.04619094,0.02492655
79.2692,10,5,5,3.222104,6.263146,22.11396,7.892097,6.221176,30.17462,142.0974,4.004295,22.9348,19.82416,0.04619094,0.02492655
80.27033,10,5,5,3.222104,6.263146,22.11396,7.892097,6.221176,30.17462,142.0974,4.004295,22.9348,19.82416,0.04619094,0.02492655
81.27209,10,5,5,3.222104,6.263146,22.11396,7.892097,6.221176,30.17462,142.0974,4.004295,22.9348,19.82416,0.04619094,0.02492655
82.27232,10,5,5,3.222104,6.263146,22.11396,7.892097,6.221176,30.17462,142.0974,4.004295,22.9348,19.82416,0.04619094,0.02492655
83.27271,9,5,4,3.223121,5.836469,23.09566,7.128245,6.287508,32.30533,139.2615,3.743119,21.74196,20.88223,0.04775503,0.02500695
84.27511,9,5,4,3.223121,5.836469,23.09566,7.128245,6.287508,32.30533,139.2615,3.743119,21.74196,20.88223,0.04775503,0.02500695
85.27589,9,5,4,3.223121,5.836469,23.09566,7.128245,6.287508,32.30533,139.2615,3.743119,21.74196,20.88223,0.04775503,0.02500695
86.27803,9,5,4,3.223121,5.836469,23.09566,7.128245,6.287508,32.30533,139.2615,3.743119,21.74196,20.88223,0.04775503,0.02500695
87.27937,9,5,4,3.223121,5.836469,23.09566,7.128245,6.287508,32.30533,139.2615,3.743119,21.74196,20.88223,0.04775503,0.02500695
88.28376,9,5,4,3.223121,5.836469,23.09566,7.128245,6.287508,32.30533,139.2615,3.743119,21.74196,20.88223,0.04775503,0.02500695
89.28457,9,5,4,3.223121,5.836469,23.09566,7.128245,6.287508,32.30533,139.2615,3.743119,21.74196,20.88223,0.04775503,0.02500695
90.286,9,5,4,3.223121,5.836469,23.09566,7.128245,6.287508,32.30533,139.2615,3.743119,21.74196,20.88223,0.04775503,0.02500695
91.28796,8,5,3,3.182932,4.827932,23.52183,7.438054,6.78162,30.87804,143.5186,3.849788,22.09288,19.88966,0.0507983,0.01944992
92.28826,9,5,4,3.21695,5.886119,23.34431,7.714499,6.636991,28.79177,147.9272,3.515655,23.44053,18.7366,0.04904391,0.01874108
93.28953,9,5,4,3.21695,5.886119,23.34431,7.714499,6.636991,28.79177,147.9272,3.515655,23.44053,18.7366,0.04904391,0.01874108
94.29133,9,5,4,3.21695,5.886119,23.34431,7.714499,6.636991,28.79177,147.9272,3.515655,23.44053,18.7366,0.04904391,0.01874108
95.29279,9,5,4,3.21695,5.886119,23.34431,7.714499,6.636991,28.79177,147.9272,3.515655,23.44053,18.7366,0.04904391,0.01874108
96.29617,9,5,4,3.21695,5.886119,23.34431,7.714499,6.636991,28.79177,147.9272,3.515655,23.44053,18.7366,0.04904391,0.01874108
97.29667,9,5,4,3.21695,5.886119,23.34431,7.714499,6.636991,28.79177,147.9272,3.515655,23.44053,18.7366,0.04904391,0.01874108
98.29726,9,5,4,3.21695,5.886119,23.34431,7.714499,6.636991,28.79177,147.9272,3.515655,23.44053,18.7366,0.04904391,0.01874108
99.29882,9,5,4,3.21695,5.886119,23.34431,7.714499,6.636991,28.79177,147.9272,3.515655,23.44053,18.7366,0.04904391,0.01874108
100.3003,9,5,4,3.21695,5.886119,23.34431,7.714499,6.636991,28.79177,147.9272,3.515655,23.44053,18.7366,0.04904391,0.01874108
101.3008,9,5,4,3.21695,5.886119,23.34431,7.714499,6.636991,28.79177,147.9272,3.515655,23.44053,18.7366,0.04904391,0.01874108
102.3019,9,5,4,3.21695,5.886119,23.34431,7.714499,6.636991,28.79177,147.9272,3.515655,23.44053,18.7366,0.04904391,0.01874108
103.3021,10,5,5,3.27758,5.720885,23.13575,8.465622,7.060389,29.45762,146.3998,3.244227,23.83465,17.5825,0.0506238,0.01964309
104.3068,10,5,5,3.27758,5.720885,23.13575,8.465622,7.060389,29.45762,146.3998,3.244227,23.83465,17.5825,0.0506238,0.01964309
105.3048,10,5,5,3.27758,5.720885,23.13575,8.465622,7.060389,29.45762,146.3998,3.244227,23.83465,17.5825,0.0506238,0.01964309
106.3063,10,5,5,3.27758,5.720885,23.13575,8.465622,7.060389,29.45762,146.3998,3.244227,23.83465,17.5825,0.0506238,0.01964309
107.307,10,5,5,3.27758,5.720885,23.13575,8.465622,7.060389,29.45762,146.3998,3.244227,23.83465,17.5825,0.0506238,0.01964309
108.3079,10,5,5,3.27758,5.720885,23.13575,8.465622,7.060389,29.45762,146.3998,3.244227,23.83465,17.5825,0.0506238,0.01964309
109.3093,9,4,5,3.331005,5.831388,21.27785,8.689743,6.584112,27.4577,150.5584,2.972998,22.2437,18.51922,0.05475429,0.01934344
110.3096,9,4,5,3.331005,5.831388,21.27785,8.689743,6.584112,27.4577,150.5584,2.972998,22.2437,18.51922,0.05475429,0.01934344
111.3097,9,4,5,3.331005,5.831388,21.27785,8.689743,6.584112,27.4577,150.5584,2.972998,22.2437,18.51922,0.05475429,0.01934344
112.3108,9,4,5,3.331005,5.831388,21.27785,8.689743,6.584112,27.4577,150.5584,2.972998,22.2437,18.51922,0.05475429,0.01934344
113.3139,9,4,5,3.331005,5.831388,21.27785,8.689743,6.584112,27.4577,150.5584,2.972998,22.2437,18.51922,0.05475429,0.01934344
114.3153,9,4,5,3.331005,5.831388,21.27785,8.689743,6.584112,27.4577,150.5584,2.972998,22.2437,18.51922,0.05475429,0.01934344
115.3171,9,4,5,3.331005,5.831388,21.27785,8.689743,6.584112,27.4577,150.5584,2.972998,22.2437,18.51922,0.05475429,0.01934344
116.3184,9,4,5,3.331005,5.831388,21.27785,8.689743,6.584112,27.4577,150.5584,2.972998,22.2437,18.51922,0.05475429,0.01934344
117.3259,9,4,5,3.331005,5.831388,21.27785,8.689743,6.584112,27.4577,150.5584,2.972998,22.2437,18.51922,0.05475429,0.01934344
118.3233,9,4,5,3.331005,5.831388,21.27785,8.689743,6.584112,27.4577,150.5584,2.972998,22.2437,18.51922,0.05475429,0.01934344
119.3251,9,4,5,3.331005,5.831388,21.27785,8.689743,6.584112,27.4577,150.5584,2.972998,22.2437,18.51922,0.05475429,0.01934344
120.3259,9,4,5,3.331005,5.831388,21.27785,8.689743,6.584112,27.4577,150.5584,2.972998,22.2437,18.51922,0.05475429,0.01934344
121.3267,9,4,5,3.331005,5.831388,21.27785,8.689743,6.584112,27.4577,150.5584,2.972998,22.2437,18.51922,0.05475429,0.01934344
122.3281,9,4,5,3.331005,5.831388,21.27785,8.689743,6.584112,27.4577,150.5584,2.972998,22.2437,18.51922,0.05475429,0.01934344
123.3309,9,4,5,3.331005,5.831388,21.27785,8.689743,6.584112,27.4577,150.5584,2.972998,22.2437,18.51922,0.05475429,0.01934344
124.332,9,4,5,3.331005,5.831388,21.27785,8.689743,6.584112,27.4577,150.5584,2.972998,22.2437,18.51922,0.05475429,0.01934344
125.333,9,4,5,3.331005,5.831388,21.27785,8.689743,6.584112,27.4577,150.5584,2.972998,22.2437,18.51922,0.05475429,0.01934344
126.3349,9,4,5,3.331005,5.831388,21.27785,8.689743,6.584112,27.4577,150.5584,2.972998,22.2437,18.51922,0.05475429,0.01934344
127.3352,9,4,5,3.331005,5.831388,21.27785,8.689743,6.584112,27.4577,150.5584,2.972998,22.2437,18.51922,0.05475429,0.01934344
128.3358,8,3,5,3.27534,6.257081,22.33266,8.38271,6.062871,29.44214,153.416,3.187118,20.78064,16.34451,0.05710546,0.02037756
129.3375,8,3,5,3.27534,6.257081,22.33266,8.38271,6.062871,29.44214,153.416,3.187118,20.78064,16.34451,0.05710546,0.02037756
130.3423,8,3,5,3.27534,6.257081,22.33266,8.38271,6.062871,29.44214,153.416,3.187118,20.78064,16.34451,0.05710546,0.02037756
131.3418,8,3,5,3.27534,6.257081,22.33266,8.38271,6.062871,29.44214,153.416,3.187118,20.78064,16.34451,0.05710546,0.02037756
132.342,8,3,5,3.27534,6.257081,22.33266,8.38271,6.062871,29.44214,153.416,3.187118,20.78064,16.34451,0.05710546,0.02037756
133.3448,8,3,5,3.27534,6.257081,22.33266,8.38271,6.062871,29.44214,153.416,3.187118,20.78064,16.34451,0.05710546,0.02037756
134.3468,8,3,5,3.27534,6.257081,22.33266,8.38271,6.062871,29.44214,153.416,3.187118,20.78064,16.34451,0.05710546,0.02037756
135.3503,6,3,3,3.451293,7.098115,21.01634,8.261466,5.416344,26.97998,159.5779,3.689195,21.44939,9.812879,0.05402087,0.02273087
136.3493,6,3,3,3.451293,7.098115,21.01634,8.261466,5.416344,26.97998,159.5779,3.689195,21.44939,9.812879,0.05402087,0.02273087
137.3496,6,3,3,3.451293,7.098115,21.01634,8.261466,5.416344,26.97998,159.5779,3.689195,21.44939,9.812879,0.05402087,0.02273087
138.3507,6,3,3,3.451293,7.098115,21.01634,8.261466,5.416344,26.97998,159.5779,3.689195,21.44939,9.812879,0.05402087,0.02273087
139.3509,6,3,3,3.451293,7.098115,21.01634,8.261466,5.416344,26.97998,159.5779,3.689195,21.44939,9.812879,0.05402087,0.02273087
140.3521,6,3,3,3.451293,7.098115,21.01634,8.261466,5.416344,26.97998,159.5779,3.689195,21.44939,9.812879,0.05402087,0.02273087
141.354,5,2,3,3.464436,7.840587,21.36335,9.403546,5.832129,29.23307,163.4183,4.233925,19.80943,9.945772,0.05081556,0.02213304
142.3562,5,2,3,3.464436,7.840587,21.36335,9.403546,5.832129,29.23307,163.4183,4.233925,19.80943,9.945772,0.05081556,0.02213304
143.3568,5,2,3,3.464436,7.840587,21.36335,9.403546,5.832129,29.23307,163.4183,4.233925,19.80943,9.945772,0.05081556,0.02213304
144.3609,5,2,3,3.464436,7.840587,21.36335,9.403546,5.832129,29.23307,163.4183,4.233925,19.80943,9.945772,0.05081556,0.02213304
145.3595,5,2,3,3.464436,7.840587,21.36335,9.403546,5.832129,29.23307,163.4183,4.233925,19.80943,9.945772,0.05081556,0.02213304
146.3599,5,2,3,3.464436,7.840587,21.36335,9.403546,5.832129,29.23307,163.4183,4.233925,19.80943,9.945772,0.05081556,0.02213304
147.3616,6,3,3,3.598495,8.880007,21.31313,8.39295,5.639921,26.46696,160.5273,4.388673,17.28545,10.50996,0.04478523,0.02204423
148.3641,6,3,3,3.598495,8.880007,21.31313,8.39295,5.639921,26.46696,160.5273,4.388673,17.28545,10.50996,0.04478523,0.02204423
149.3658,6,3,3,3.598495,8.880007,21.31313,8.39295,5.639921,26.46696,160.5273,4.388673,17.28545,10.50996,0.04478523,0.02204423
150.3676,6,3,3,3.598495,8.880007,21.31313,8.39295,5.639921,26.46696,160.5273,4.388673,17.28545,10.50996,0.04478523,0.02204423
151.3697,6,3,3,3.598495,8.880007,21.31313,8.39295,5.639921,26.46696,160.5273,4.388673,17.28545,10.50996,0.04478523,0.02204423
152.3713,6,3,3,3.598495,8.880007,21.31313,8.39295,5.639921,26.46696,160.5273,4.388673,17.28545,10.50996,0.04478523,0.02204423
153.3735,6,3,3,3.598495,8.880007,21.31313,8.39295,5.639921,26.46696,160.5273,4.388673,17.28545,10.50996,0.04478523,0.02204423
154.3756,6,3,3,3.598495,8.880007,21.31313,8.39295,5.639921,26.46696,160.5273,4.388673,17.28545,10.50996,0.04478523,0.02204423
155.3752,6,3,3,3.598495,8.880007,21.31313,8.39295,5.639921,26.46696,160.5273,4.388673,17.28545,10.50996,0.04478523,0.02204423
156.3767,6,3,3,3.598495,8.880007,21.31313,8.39295,5.639921,26.46696,160.5273,4.388673,17.28545,10.50996,0.04478523,0.02204423
157.3793,6,3,3,3.598495,8.880007,21.31313,8.39295,5.639921,26.46696,160.5273,4.388673,17.28545,10.50996,0.04478523,0.02204423
158.3819,6,3,3,3.598495,8.880007,21.31313,8.39295,5.639921,26.46696,160.5273,4.388673,17.28545,10.50996,0.04478523,0.02204423
159.3841,6,3,3,3.598495,8.880007,21.31313,8.39295,5.639921,26.46696,160.5273,4.388673,17.28545,10.50996,0.04478523,0.02204423
160.3859,6,3,3,3.598495,8.880007,21.31313,8.39295,5.639921,26.46696,160.5273,4.388673,17.28545,10.50996,0.04478523,0.02204423
161.3871,6,3,3,3.598495,8.880007,21.31313,8.39295,5.639921,26.46696,160.5273,4.388673,17.28545,10.50996,0.04478523,0.02204423
162.3948,6,3,3,3.598495,8.880007,21.31313,8.39295,5.639921,26.46696,160.5273,4.388673,17.28545,10.50996,0.04478523,0.02204423
163.3923,6,3,3,3.598495,8.880007,21.31313,8.39295,5.639921,26.46696,160.5273,4.388673,17.28545,10.50996,0.04478523,0.02204423
164.394,6,3,3,3.598495,8.880007,21.31313,8.39295,5.639921,26.46696,160.5273,4.388673,17.28545,10.50996,0.04478523,0.02204423
165.3951,6,3,3,3.598495,8.880007,21.31313,8.39295,5.639921,26.46696,160.5273,4.388673,17.28545,10.50996,0.04478523,0.02204423
166.401,6,3,3,3.598495,8.880007,21.31313,8.39295,5.639921,26.46696,160.5273,4.388673,17.28545,10.50996,0.04478523,0.02204423
167.4002,6,3,3,3.598495,8.880007,21.31313,8.39295,5.639921,26.46696,160.5273,4.388673,17.28545,10.50996,0.04478523,0.02204423
168.4009,6,3,3,3.598495,8.880007,21.31313,8.39295,5.639921,26.46696,160.5273,4.388673,17.28545,10.50996,0.04478523,0.02204423
169.4027,6,3,3,3.598495,8.880007,21.31313,8.39295,5.639921,26.46696,160.5273,4.388673,17.28545,10.50996,0.04478523,0.02204423
170.4063,6,3,3,3.598495,8.880007,21.31313,8.39295,5.639921,26.46696,160.5273,4.388673,17.28545,10.50996,0.04478523,0.02204423
171.409,6,3,3,3.598495,8.880007,21.31313,8.39295,5.639921,26.46696,160.5273,4.388673,17.28545,10.50996,0.04478523,0.02204423
172.4095,6,3,3,3.598495,8.880007,21.31313,8.39295,5.639921,26.46696,160.5273,4.388673,17.28545,10.50996,0.04478523,0.02204423
173.4112,6,3,3,3.598495,8.880007,21.31313,8.39295,5.639921,26.46696,160.5273,4.388673,17.28545,10.50996,0.04478523,0.02204423
174.4114,6,3,3,3.598495,8.880007,21.31313,8.39295,5.639921,26.46696,160.5273,4.388673,17.28545,10.50996,0.04478523,0.02204423
175.4138,6,3,3,3.598495,8.880007,21.31313,8.39295,5.639921,26.46696,160.5273,4.388673,17.28545,10.50996,0.04478523,0.02204423
176.4177,6,3,3,3.598495,8.880007,21.31313,8.39295,5.639921,26.46696,160.5273,4.388673,17.28545,10.50996,0.04478523,0.02204423
177.4158,5,2,3,3.494104,10.11176,21.0886,9.417759,6.056051,29.10555,165.1331,4.286433,15.12002,10.76241,0.0504754,0.02047553
178.4166,4,2,2,3.577855,8.979261,21.11914,9.431454,6.285444,26.08544,162.0139,3.490215,17.37851,10.51711,0.04559145,0.02052217
179.417,4,2,2,3.577855,8.979261,21.11914,9.431454,6.285444,26.08544,162.0139,3.490215,17.37851,10.51711,0.04559145,0.02052217
180.4171,4,2,2,3.577855,8.979261,21.11914,9.431454,6.285444,26.08544,162.0139,3.490215,17.37851,10.51711,0.04559145,0.02052217
181.4193,4,2,2,3.577855,8.979261,21.11914,9.431454,6.285444,26.08544,162.0139,3.490215,17.37851,10.51711,0.04559145,0.02052217
182.4212,4,2,2,3.577855,8.979261,21.11914,9.431454,6.285444,26.08544,162.0139,3.490215,17.37851,10.51711,0.04559145,0.02052217
183.4228,4,2,2,3.577855,8.979261,21.11914,9.431454,6.285444,26.08544,162.0139,3.490215,17.37851,10.51711,0.04559145,0.02052217
184.4246,4,2,2,3.577855,8.979261,21.11914,9.431454,6.285444,26.08544,162.0139,3.490215,17.37851,10.51711,0.04559145,0.02052217
185.4252,4,2,2,3.577855,8.979261,21.11914,9.431454,6.285444,26.08544,162.0139,3.490215,17.37851,10.51711,0.04559145,0.02052217
186.4285,4,2,2,3.577855,8.979261,21.11914,9.431454,6.285444,26.08544,162.0139,3.490215,17.37851,10.51711,0.04559145,0.02052217
187.4294,4,2,2,3.577855,8.979261,21.11914,9.431454,6.285444,26.08544,162.0139,3.490215,17.37851,10.51711,0.04559145,0.02052217
188.4309,4,2,2,3.577855,8.979261,21.11914,9.431454,6.285444,26.08544,162.0139,3.490215,17.37851,10.51711,0.04559145,0.02052217
189.4323,4,2,2,3.577855,8.979261,21.11914,9.431454,6.285444,26.08544,162.0139,3.490215,17.37851,10.51711,0.04559145,0.02052217
190.4319,4,2,2,3.577855,8.979261,21.11914,9.431454,6.285444,26.08544,162.0139,3.490215,17.37851,10.51711,0.04559145,0.02052217
191.4351,4,2,2,3.577855,8.979261,21.11914,9.431454,6.285444,26.08544,162.0139,3.490215,17.37851,10.51711,0.04559145,0.02052217
192.4356,4,2,2,3.577855,8.979261,21.11914,9.431454,6.285444,26.08544,162.0139,3.490215,17.37851,10.51711,0.04559145,0.02052217
193.4359,4,2,2,3.577855,8.979261,21.11914,9.431454,6.285444,26.08544,162.0139,3.490215,17.37851,10.51711,0.04559145,0.02052217
194.4356,4,2,2,3.577855,8.979261,21.11914,9.431454,6.285444,26.08544,162.0139,3.490215,17.37851,10.51711,0.04559145,0.02052217
195.4386,4,2,2,3.577855,8.979261,21.11914,9.431454,6.285444,26.08544,162.0139,3.490215,17.37851,10.51711,0.04559145,0.02052217
196.4399,4,2,2,3.577855,8.979261,21.11914,9.431454,6.285444,26.08544,162.0139,3.490215,17.37851,10.51711,0.04559145,0.02052217
197.4432,4,2,2,3.577855,8.979261,21.11914,9.431454,6.285444,26.08544,162.0139,3.490215,17.37851,10.51711,0.04559145,0.02052217
198.4465,4,2,2,3.577855,8.979261,21.11914,9.431454,6.285444,26.08544,162.0139,3.490215,17.37851,10.51711,0.04559145,0.02052217
199.4474,4,2,2,3.577855,8.979261,21.11914,9.431454,6.285444,26.08544,162.0139,3.490215,17.37851,10.51711,0.04559145,0.02052217
200.4519,4,2,2,3.577855,8.979261,21.11914,9.431454,6.285444,26.08544,162.0139,3.490215,17.37851,10.51711,0.04559145,0.02052217
201.4537,4,2,2,3.577855,8.979261,21.11914,9.431454,6.285444,26.08544,162.0139,3.490215,17.37851,10.51711,0.04559145,0.02052217
202.4543,4,2,2,3.577855,8.979261,21.11914,9.431454,6.285444,26.08544,162.0139,3.490215,17.37851,10.51711,0.04559145,0.02052217
203.4548,4,2,2,3.577855,8.979261,21.11914,9.431454,6.285444,26.08544,162.0139,3.490215,17.37851,10.51711,0.04559145,0.02052217
204.4592,4,2,2,3.577855,8.979261,21.11914,9.431454,6.285444,26.08544,162.0139,3.490215,17.37851,10.51711,0.04559145,0.02052217
205.4605,4,2,2,3.577855,8.979261,21.11914,9.431454,6.285444,26.08544,162.0139,3.490215,17.37851,10.51711,0.04559145,0.02052217
206.4639,4,2,2,3.577855,8.979261,21.11914,9.431454,6.285444,26.08544,162.0139,3.490215,17.37851,10.51711,0.04559145,0.02052217
207.4654,4,2,2,3.577855,8.979261,21.11914,9.431454,6.285444,26.08544,162.0139,3.490215,17.37851,10.51711,0.04559145,0.02052217
208.4665,4,2,2,3.577855,8.979261,21.11914,9.431454,6.285444,26.08544,162.0139,3.490215,17.37851,10.51711,0.04559145,0.02052217
209.4712,4,2,2,3.577855,8.979261,21.11914,9.431454,6.285444,26.08544,162.0139,3.490215,17.37851,10.51711,0.04559145,0.02052217
210.4721,4,2,2,3.577855,8.979261,21.11914,9.431454,6.285444,26.08544,162.0139,3.490215,17.37851,10.51711,0.04559145,0.02052217
211.4789,4,2,2,3.577855,8.979261,21.11914,9.431454,6.285444,26.08544,162.0139,3.490215,17.37851,10.51711,0.04559145,0.02052217
212.4802,4,2,2,3.577855,8.979261,21.11914,9.431454,6.285444,26.08544,162.0139,3.490215,17.37851,10.51711,0.04559145,0.02052217
213.4805,4,2,2,3.577855,8.979261,21.11914,9.431454,6.285444,26.08544,162.0139,3.490215,17.37851,10.51711,0.04559145,0.02052217
214.4848,4,2,2,3.577855,8.979261,21.11914,9.431454,6.285444,26.08544,162.0139,3.490215,17.37851,10.51711,0.04559145,0.02052217
215.4823,4,2,2,3.577855,8.979261,21.11914,9.431454,6.285444,26.08544,162.0139,3.490215,17.37851,10.51711,0.04559145,0.02052217
216.4865,4,2,2,3.577855,8.979261,21.11914,9.431454,6.285444,26.08544,162.0139,3.490215,17.37851,10.51711,0.04559145,0.02052217
217.4887,4,2,2,3.577855,8.979261,21.11914,9.431454,6.285444,26.08544,162.0139,3.490215,17.37851,10.51711,0.04559145,0.02052217
218.489,4,2,2,3.577855,8.979261,21.11914,9.431454,6.285444,26.08544,162.0139,3.490215,17.37851,10.51711,0.04559145,0.02052217
219.4892,5,2,3,3.6854,9.868547,21.07306,9.438386,6.117384,22.96565,157.4681,3.903983,20.97649,11.30385,0.03890575,0.01939483
220.4927,5,2,3,3.6854,9.868547,21.07306,9.438386,6.117384,22.96565,157.4681,3.903983,20.97649,11.30385,0.03890575,0.01939483
221.4964,5,2,3,3.6854,9.868547,21.07306,9.438386,6.117384,22.96565,157.4681,3.903983,20.97649,11.30385,0.03890575,0.01939483
222.4969,5,2,3,3.6854,9.868547,21.07306,9.438386,6.117384,22.96565,157.4681,3.903983,20.97649,11.30385,0.03890575,0.01939483
223.4986,5,2,3,3.6854,9.868547,21.07306,9.438386,6.117384,22.96565,157.4681,3.903983,20.97649,11.30385,0.03890575,0.01939483
224.4995,5,2,3,3.6854,9.868547,21.07306,9.438386,6.117384,22.96565,157.4681,3.903983,20.97649,11.30385,0.03890575,0.01939483
225.5022,5,2,3,3.6854,9.868547,21.07306,9.438386,6.117384,22.96565,157.4681,3.903983,20.97649,11.30385,0.03890575,0.01939483
226.5027,5,2,3,3.6854,9.868547,21.07306,9.438386,6.117384,22.96565,157.4681,3.903983,20.97649,11.30385,0.03890575,0.01939483
227.5029,5,2,3,3.6854,9.868547,21.07306,9.438386,6.117384,22.96565,157.4681,3.903983,20.97649,11.30385,0.03890575,0.01939483
228.5072,5,2,3,3.6854,9.868547,21.07306,9.438386,6.117384,22.96565,157.4681,3.903983,20.97649,11.30385,0.03890575,0.01939483
229.5093,5,2,3,3.6854,9.868547,21.07306,9.438386,6.117384,22.96565,157.4681,3.903983,20.97649,11.30385,0.03890575,0.01939483
230.5129,5,2,3,3.6854,9.868547,21.07306,9.438386,6.117384,22.96565,157.4681,3.903983,20.97649,11.30385,0.03890575,0.01939483
231.5127,5,2,3,3.6854,9.868547,21.07306,9.438386,6.117384,22.96565,157.4681,3.903983,20.97649,11.30385,0.03890575,0.01939483
232.5154,5,2,3,3.6854,9.868547,21.07306,9.438386,6.117384,22.96565,157.4681,3.903983,20.97649,11.30385,0.03890575,0.01939483
233.5252,5,2,3,3.6854,9.868547,21.07306,9.438386,6.117384,22.96565,157.4681,3.903983,20.97649,11.30385,0.03890575,0.01939483
234.5267,5,2,3,3.6854,9.868547,21.07306,9.438386,6.117384,22.96565,157.4681,3.903983,20.97649,11.30385,0.03890575,0.01939483
235.5253,4,2,2,3.650938,11.27724,21.02664,7.991548,4.928987,19.84447,163.6719,4.679634,19.3752,12.33091,0.03242148,0.01730324
236.5338,4,2,2,3.650938,11.27724,21.02664,7.991548,4.928987,19.84447,163.6719,4.679634,19.3752,12.33091,0.03242148,0.01730324
237.536,4,2,2,3.650938,11.27724,21.02664,7.991548,4.928987,19.84447,163.6719,4.679634,19.3752,12.33091,0.03242148,0.01730324
238.5405,4,2,2,3.650938,11.27724,21.02664,7.991548,4.928987,19.84447,163.6719,4.679634,19.3752,12.33091,0.03242148,0.01730324
239.5405,4,2,2,3.650938,11.27724,21.02664,7.991548,4.928987,19.84447,163.6719,4.679634,19.3752,12.33091,0.03242148,0.01730324
240.5449,4,2,2,3.650938,11.27724,21.02664,7.991548,4.928987,19.84447,163.6719,4.679634,19.3752,12.33091,0.03242148,0.01730324
241.5439,4,2,2,3.650938,11.27724,21.02664,7.991548,4.928987,19.84447,163.6719,4.679634,19.3752,12.33091,0.03242148,0.01730324
242.5437,4,2,2,3.650938,11.27724,21.02664,7.991548,4.928987,19.84447,163.6719,4.679634,19.3752,12.33091,0.03242148,0.01730324
243.5482,4,2,2,3.650938,11.27724,21.02664,7.991548,4.928987,19.84447,163.6719,4.679634,19.3752,12.33091,0.03242148,0.01730324
244.5524,3,1,2,3.95782,13.95145,21.29166,7.577375,5.201323,11.74148,156.1844,3.854679,24.75192,12.43125,0.02060176,0.01651878
245.5552,3,1,2,3.95782,13.95145,21.29166,7.577375,5.201323,11.74148,156.1844,3.854679,24.75192,12.43125,0.02060176,0.01651878
246.5586,3,1,2,3.95782,13.95145,21.29166,7.577375,5.201323,11.74148,156.1844,3.854679,24.75192,12.43125,0.02060176,0.01651878
247.5627,3,1,2,3.95782,13.95145,21.29166,7.577375,5.201323,11.74148,156.1844,3.854679,24.75192,12.43125,0.02060176,0.01651878
248.5635,3,1,2,3.95782,13.95145,21.29166,7.577375,5.201323,11.74148,156.1844,3.854679,24.75192,12.43125,0.02060176,0.01651878
249.5672,3,1,2,3.95782,13.95145,21.29166,7.577375,5.201323,11.74148,156.1844,3.854679,24.75192,12.43125,0.02060176,0.01651878
250.5686,3,1,2,3.95782,13.95145,21.29166,7.577375,5.201323,11.74148,156.1844,3.854679,24.75192,12.43125,0.02060176,0.01651878
251.5728,3,1,2,3.95782,13.95145,21.29166,7.577375,5.201323,11.74148,156.1844,3.854679,24.75192,12.43125,0.02060176,0.01651878
252.5773,3,1,2,3.95782,13.95145,21.29166,7.577375,5.201323,11.74148,156.1844,3.854679,24.75192,12.43125,0.02060176,0.01651878
253.5797,3,1,2,3.95782,13.95145,21.29166,7.577375,5.201323,11.74148,156.1844,3.854679,24.75192,12.43125,0.02060176,0.01651878
254.5824,3,1,2,3.95782,13.95145,21.29166,7.577375,5.201323,11.74148,156.1844,3.854679,24.75192,12.43125,0.02060176,0.01651878
255.5844,3,1,2,3.95782,13.95145,21.29166,7.577375,5.201323,11.74148,156.1844,3.854679,24.75192,12.43125,0.02060176,0.01651878
256.5864,3,1,2,3.95782,13.95145,21.29166,7.577375,5.201323,11.74148,156.1844,3.854679,24.75192,12.43125,0.02060176,0.01651878
257.5885,3,1,2,3.95782,13.95145,21.29166,7.577375,5.201323,11.74148,156.1844,3.854679,24.75192,12.43125,0.02060176,0.01651878
258.5899,3,1,2,3.95782,13.95145,21.29166,7.577375,5.201323,11.74148,156.1844,3.854679,24.75192,12.43125,0.02060176,0.01651878
259.5945,4,2,2,3.730353,14.12498,21.64948,8.037628,4.899451,12.88366,164.2095,3.145052,27.18039,13.21521,0.01999926,0.01705915
260.5969,4,2,2,3.730353,14.12498,21.64948,8.037628,4.899451,12.88366,164.2095,3.145052,27.18039,13.21521,0.01999926,0.01705915
261.6035,4,2,2,3.730353,14.12498,21.64948,8.037628,4.899451,12.88366,164.2095,3.145052,27.18039,13.21521,0.01999926,0.01705915
262.6041,4,2,2,3.730353,14.12498,21.64948,8.037628,4.899451,12.88366,164.2095,3.145052,27.18039,13.21521,0.01999926,0.01705915
263.6075,4,2,2,3.730353,14.12498,21.64948,8.037628,4.899451,12.88366,164.2095,3.145052,27.18039,13.21521,0.01999926,0.01705915
264.6103,4,2,2,3.730353,14.12498,21.64948,8.037628,4.899451,12.88366,164.2095,3.145052,27.18039,13.21521,0.01999926,0.01705915
265.6143,4,2,2,3.730353,14.12498,21.64948,8.037628,4.899451,12.88366,164.2095,3.145052,27.18039,13.21521,0.01999926,0.01705915
266.6159,4,2,2,3.730353,14.12498,21.64948,8.037628,4.899451,12.88366,164.2095,3.145052,27.18039,13.21521,0.01999926,0.01705915
267.6203,4,2,2,3.730353,14.12498,21.64948,8.037628,4.899451,12.88366,164.2095,3.145052,27.18039,13.21521,0.01999926,0.01705915
268.6298,4,2,2,3.730353,14.12498,21.64948,8.037628,4.899451,12.88366,164.2095,3.145052,27.18039,13.21521,0.01999926,0.01705915
269.6327,4,2,2,3.730353,14.12498,21.64948,8.037628,4.899451,12.88366,164.2095,3.145052,27.18039,13.21521,0.01999926,0.01705915
270.6353,4,2,2,3.730353,14.12498,21.64948,8.037628,4.899451,12.88366,164.2095,3.145052,27.18039,13.21521,0.01999926,0.01705915
271.6371,4,2,2,3.730353,14.12498,21.64948,8.037628,4.899451,12.88366,164.2095,3.145052,27.18039,13.21521,0.01999926,0.01705915
272.6366,4,2,2,3.730353,14.12498,21.64948,8.037628,4.899451,12.88366,164.2095,3.145052,27.18039,13.21521,0.01999926,0.01705915
273.6398,4,2,2,3.730353,14.12498,21.64948,8.037628,4.899451,12.88366,164.2095,3.145052,27.18039,13.21521,0.01999926,0.01705915
274.6433,4,2,2,3.730353,14.12498,21.64948,8.037628,4.899451,12.88366,164.2095,3.145052,27.18039,13.21521,0.01999926,0.01705915
275.6487,3,2,1,3.810773,14.04943,21.55791,7.408153,4.70595,13.14436,157.8806,3.91254,24.83326,14.44958,0.0149961,0.01838875
276.6534,3,2,1,3.810773,14.04943,21.55791,7.408153,4.70595,13.14436,157.8806,3.91254,24.83326,14.44958,0.0149961,0.01838875
277.6509,3,2,1,3.810773,14.04943,21.55791,7.408153,4.70595,13.14436,157.8806,3.91254,24.83326,14.44958,0.0149961,0.01838875
278.6546,3,2,1,3.810773,14.04943,21.55791,7.408153,4.70595,13.14436,157.8806,3.91254,24.83326,14.44958,0.0149961,0.01838875
279.6604,3,2,1,3.810773,14.04943,21.55791,7.408153,4.70595,13.14436,157.8806,3.91254,24.83326,14.44958,0.0149961,0.01838875
280.6647,3,2,1,3.810773,14.04943,21.55791,7.408153,4.70595,13.14436,157.8806,3.91254,24.83326,14.44958,0.0149961,0.01838875
281.6661,3,2,1,3.810773,14.04943,21.55791,7.408153,4.70595,13.14436,157.8806,3.91254,24.83326,14.44958,0.0149961,0.01838875
282.6711,3,2,1,3.810773,14.04943,21.55791,7.408153,4.70595,13.14436,157.8806,3.91254,24.83326,14.44958,0.0149961,0.01838875
283.6714,3,2,1,3.810773,14.04943,21.55791,7.408153,4.70595,13.14436,157.8806,3.91254,24.83326,14.44958,0.0149961,0.01838875
284.6737,3,2,1,3.810773,14.04943,21.55791,7.408153,4.70595,13.14436,157.8806,3.91254,24.83326,14.44958,0.0149961,0.01838875
285.6755,3,2,1,3.810773,14.04943,21.55791,7.408153,4.70595,13.14436,157.8806,3.91254,24.83326,14.44958,0.0149961,0.01838875
286.6772,3,2,1,3.810773,14.04943,21.55791,7.408153,4.70595,13.14436,157.8806,3.91254,24.83326,14.44958,0.0149961,0.01838875
287.6778,3,2,1,3.810773,14.04943,21.55791,7.408153,4.70595,13.14436,157.8806,3.91254,24.83326,14.44958,0.0149961,0.01838875
288.6824,3,2,1,3.810773,14.04943,21.55791,7.408153,4.70595,13.14436,157.8806,3.91254,24.83326,14.44958,0.0149961,0.01838875
289.6876,3,2,1,3.810773,14.04943,21.55791,7.408153,4.70595,13.14436,157.8806,3.91254,24.83326,14.44958,0.0149961,0.01838875
290.6919,3,2,1,3.810773,14.04943,21.55791,7.408153,4.70595,13.14436,157.8806,3.91254,24.83326,14.44958,0.0149961,0.01838875
291.6967,3,2,1,3.810773,14.04943,21.55791,7.408153,4.70595,13.14436,157.8806,3.91254,24.83326,14.44958,0.0149961,0.01838875
292.6971,3,2,1,3.810773,14.04943,21.55791,7.408153,4.70595,13.14436,157.8806,3.91254,24.83326,14.44958,0.0149961,0.01838875
293.7035,2,1,1,3.581765,14.03559,21.80583,9.442244,4.719482,13.39833,163.7849,3.287604,34.91713,15.00892,0.01517734,0.01678303
294.708,2,1,1,3.581765,14.03559,21.80583,9.442244,4.719482,13.39833,163.7849,3.287604,34.91713,15.00892,0.01517734,0.01678303
295.709,2,1,1,3.581765,14.03559,21.80583,9.442244,4.719482,13.39833,163.7849,3.287604,34.91713,15.00892,0.01517734,0.01678303
296.7137,2,1,1,3.581765,14.03559,21.80583,9.442244,4.719482,13.39833,163.7849,3.287604,34.91713,15.00892,0.01517734,0.01678303
297.7155,2,1,1,3.581765,14.03559,21.80583,9.442244,4.719482,13.39833,163.7849,3.287604,34.91713,15.00892,0.01517734,0.01678303
298.7179,2,1,1,3.581765,14.03559,21.80583,9.442244,4.719482,13.39833,163.7849,3.287604,34.91713,15.00892,0.01517734,0.01678303
299.7235,2,1,1,3.581765,14.03559,21.80583,9.442244,4.719482,13.39833,163.7849,3.287604,34.91713,15.00892,0.01517734,0.01678303
300.7281,2,1,1,3.581765,14.03559,21.80583,9.442244,4.719482,13.39833,163.7849,3.287604,34.91713,15.00892,0.01517734,0.01678303
301.7314,2,1,1,3.581765,14.03559,21.80583,9.442244,4.719482,13.39833,163.7849,3.287604,34.91713,15.00892,0.01517734,0.01678303
302.7336,2,1,1,3.581765,14.03559,21.80583,9.442244,4.719482,13.39833,163.7849,3.287604,34.91713,15.00892,0.01517734,0.01678303
303.7344,2,1,1,3.581765,14.03559,21.80583,9.442244,4.719482,13.39833,163.7849,3.287604,34.91713,15.00892,0.01517734,0.01678303
304.7405,2,1,1,3.581765,14.03559,21.80583,9.442244,4.719482,13.39833,163.7849,3.287604,34.91713,15.00892,0.01517734,0.01678303
305.742,2,1,1,3.581765,14.03559,21.80583,9.442244,4.719482,13.39833,163.7849,3.287604,34.91713,15.00892,0.01517734,0.01678303
306.7422,2,1,1,3.581765,14.03559,21.80583,9.442244,4.719482,13.39833,163.7849,3.287604,34.91713,15.00892,0.01517734,0.01678303
307.7457,2,1,1,3.581765,14.03559,21.80583,9.442244,4.719482,13.39833,163.7849,3.287604,34.91713,15.00892,0.01517734,0.01678303
308.7473,2,1,1,3.581765,14.03559,21.80583,9.442244,4.719482,13.39833,163.7849,3.287604,34.91713,15.00892,0.01517734,0.01678303
309.7535,2,1,1,3.581765,14.03559,21.80583,9.442244,4.719482,13.39833,163.7849,3.287604,34.91713,15.00892,0.01517734,0.01678303
310.7532,2,1,1,3.581765,14.03559,21.80583,9.442244,4.719482,13.39833,163.7849,3.287604,34.91713,15.00892,0.01517734,0.01678303
311.7567,2,1,1,3.581765,14.03559,21.80583,9.442244,4.719482,13.39833,163.7849,3.287604,34.91713,15.00892,0.01517734,0.01678303
312.7592,2,1,1,3.581765,14.03559,21.80583,9.442244,4.719482,13.39833,163.7849,3.287604,34.91713,15.00892,0.01517734,0.01678303
313.7624,2,1,1,3.581765,14.03559,21.80583,9.442244,4.719482,13.39833,163.7849,3.287604,34.91713,15.00892,0.01517734,0.01678303
314.7633,2,1,1,3.581765,14.03559,21.80583,9.442244,4.719482,13.39833,163.7849,3.287604,34.91713,15.00892,0.01517734,0.01678303
315.7652,2,1,1,3.581765,14.03559,21.80583,9.442244,4.719482,13.39833,163.7849,3.287604,34.91713,15.00892,0.01517734,0.01678303
316.7707,2,1,1,3.581765,14.03559,21.80583,9.442244,4.719482,13.39833,163.7849,3.287604,34.91713,15.00892,0.01517734,0.01678303
317.7724,2,1,1,3.581765,14.03559,21.80583,9.442244,4.719482,13.39833,163.7849,3.287604,34.91713,15.00892,0.01517734,0.01678303
318.7758,2,1,1,3.581765,14.03559,21.80583,9.442244,4.719482,13.39833,163.7849,3.287604,34.91713,15.00892,0.01517734,0.01678303
319.7757,2,1,1,3.581765,14.03559,21.80583,9.442244,4.719482,13.39833,163.7849,3.287604,34.91713,15.00892,0.01517734,0.01678303
320.7797,2,1,1,3.581765,14.03559,21.80583,9.442244,4.719482,13.39833,163.7849,3.287604,34.91713,15.00892,0.01517734,0.01678303
321.7861,2,1,1,3.581765,14.03559,21.80583,9.442244,4.719482,13.39833,163.7849,3.287604,34.91713,15.00892,0.01517734,0.01678303
322.7922,2,1,1,3.581765,14.03559,21.80583,9.442244,4.719482,13.39833,163.7849,3.287604,34.91713,15.00892,0.01517734,0.01678303
323.7957,2,1,1,3.581765,14.03559,21.80583,9.442244,4.719482,13.39833,163.7849,3.287604,34.91713,15.00892,0.01517734,0.01678303
324.7995,2,1,1,3.581765,14.03559,21.80583,9.442244,4.719482,13.39833,163.7849,3.287604,34.91713,15.00892,0.01517734,0.01678303
325.8023,2,1,1,3.581765,14.03559,21.80583,9.442244,4.719482,13.39833,163.7849,3.287604,34.91713,15.00892,0.01517734,0.01678303
326.8045,2,1,1,3.581765,14.03559,21.80583,9.442244,4.719482,13.39833,163.7849,3.287604,34.91713,15.00892,0.01517734,0.01678303
327.8088,2,1,1,3.581765,14.03559,21.80583,9.442244,4.719482,13.39833,163.7849,3.287604,34.91713,15.00892,0.01517734,0.01678303
328.8111,2,1,1,3.581765,14.03559,21.80583,9.442244,4.719482,13.39833,163.7849,3.287604,34.91713,15.00892,0.01517734,0.01678303
329.8176,2,1,1,3.581765,14.03559,21.80583,9.442244,4.719482,13.39833,163.7849,3.287604,34.91713,15.00892,0.01517734,0.01678303
330.8234,2,1,1,3.581765,14.03559,21.80583,9.442244,4.719482,13.39833,163.7849,3.287604,34.91713,15.00892,0.01517734,0.01678303
331.826,2,1,1,3.581765,14.03559,21.80583,9.442244,4.719482,13.39833,163.7849,3.287604,34.91713,15.00892,0.01517734,0.01678303
332.8308,2,1,1,3.581765,14.03559,21.80583,9.442244,4.719482,13.39833,163.7849,3.287604,34.91713,15.00892,0.01517734,0.01678303
333.8335,2,1,1,3.581765,14.03559,21.80583,9.442244,4.719482,13.39833,163.7849,3.287604,34.91713,15.00892,0.01517734,0.01678303
334.8361,2,1,1,3.581765,14.03559,21.80583,9.442244,4.719482,13.39833,163.7849,3.287604,34.91713,15.00892,0.01517734,0.01678303
335.846,2,1,1,3.581765,14.03559,21.80583,9.442244,4.719482,13.39833,163.7849,3.287604,34.91713,15.00892,0.01517734,0.01678303
336.8456,2,1,1,3.581765,14.03559,21.80583,9.442244,4.719482,13.39833,163.7849,3.287604,34.91713,15.00892,0.01517734,0.01678303
337.8477,2,1,1,3.581765,14.03559,21.80583,9.442244,4.719482,13.39833,163.7849,3.287604,34.91713,15.00892,0.01517734,0.01678303
338.8505,2,1,1,3.581765,14.03559,21.80583,9.442244,4.719482,13.39833,163.7849,3.287604,34.91713,15.00892,0.01517734,0.01678303
339.8512,2,1,1,3.581765,14.03559,21.80583,9.442244,4.719482,13.39833,163.7849,3.287604,34.91713,15.00892,0.01517734,0.01678303
340.8542,2,1,1,3.581765,14.03559,21.80583,9.442244,4.719482,13.39833,163.7849,3.287604,34.91713,15.00892,0.01517734,0.01678303
341.8625,2,1,1,3.581765,14.03559,21.80583,9.442244,4.719482,13.39833,163.7849,3.287604,34.91713,15.00892,0.01517734,0.01678303
342.8618,2,1,1,3.581765,14.03559,21.80583,9.442244,4.719482,13.39833,163.7849,3.287604,34.91713,15.00892,0.01517734,0.01678303
343.8618,2,1,1,3.581765,14.03559,21.80583,9.442244,4.719482,13.39833,163.7849,3.287604,34.91713,15.00892,0.01517734,0.01678303
344.8674,2,1,1,3.581765,14.03559,21.80583,9.442244,4.719482,13.39833,163.7849,3.287604,34.91713,15.00892,0.01517734,0.01678303
345.8692,2,1,1,3.581765,14.03559,21.80583,9.442244,4.719482,13.39833,163.7849,3.287604,34.91713,15.00892,0.01517734,0.01678303
346.8708,2,1,1,3.581765,14.03559,21.80583,9.442244,4.719482,13.39833,163.7849,3.287604,34.91713,15.00892,0.01517734,0.01678303
347.8755,2,1,1,3.581765,14.03559,21.80583,9.442244,4.719482,13.39833,163.7849,3.287604,34.91713,15.00892,0.01517734,0.01678303
348.8805,2,1,1,3.581765,14.03559,21.80583,9.442244,4.719482,13.39833,163.7849,3.287604,34.91713,15.00892,0.01517734,0.01678303
349.8858,2,1,1,3.581765,14.03559,21.80583,9.442244,4.719482,13.39833,163.7849,3.287604,34.91713,15.00892,0.01517734,0.01678303
350.8929,2,1,1,3.581765,14.03559,21.80583,9.442244,4.719482,13.39833,163.7849,3.287604,34.91713,15.00892,0.01517734,0.01678303
351.8994,2,1,1,3.581765,14.03559,21.80583,9.442244,4.719482,13.39833,163.7849,3.287604,34.91713,15.00892,0.01517734,0.01678303
352.9049,2,1,1,3.581765,14.03559,21.80583,9.442244,4.719482,13.39833,163.7849,3.287604,34.91713,15.00892,0.01517734,0.01678303
353.9062,2,1,1,3.581765,14.03559,21.80583,9.442244,4.719482,13.39833,163.7849,3.287604,34.91713,15.00892,0.01517734,0.01678303
354.9114,2,1,1,3.581765,14.03559,21.80583,9.442244,4.719482,13.39833,163.7849,3.287604,34.91713,15.00892,0.01517734,0.01678303
355.9153,2,1,1,3.581765,14.03559,21.80583,9.442244,4.719482,13.39833,163.7849,3.287604,34.91713,15.00892,0.01517734,0.01678303
356.9285,2,1,1,3.581765,14.03559,21.80583,9.442244,4.719482,13.39833,163.7849,3.287604,34.91713,15.00892,0.01517734,0.01678303
357.9265,2,1,1,3.581765,14.03559,21.80583,9.442244,4.719482,13.39833,163.7849,3.287604,34.91713,15.00892,0.01517734,0.01678303
358.9297,1,1,0,3.047946,14.64549,22.72297,9.418373,3.99382,16.31019,188.2848,1.016157,34.46584,15.56702,0.01819175,0.01868058
359.9373,1,1,0,3.047946,14.64549,22.72297,9.418373,3.99382,16.31019,188.2848,1.016157,34.46584,15.56702,0.01819175,0.01868058
360.9406,1,1,0,3.047946,14.64549,22.72297,9.418373,3.99382,16.31019,188.2848,1.016157,34.46584,15.56702,0.01819175,0.01868058
361.9455,1,1,0,3.047946,14.64549,22.72297,9.418373,3.99382,16.31019,188.2848,1.016157,34.46584,15.56702,0.01819175,0.01868058
362.9533,1,1,0,3.047946,14.64549,22.72297,9.418373,3.99382,16.31019,188.2848,1.016157,34.46584,15.56702,0.01819175,0.01868058
363.9614,1,1,0,3.047946,14.64549,22.72297,9.418373,3.99382,16.31019,188.2848,1.016157,34.46584,15.56702,0.01819175,0.01868058
364.962,1,1,0,3.047946,14.64549,22.72297,9.418373,3.99382,16.31019,188.2848,1.016157,34.46584,15.56702,0.01819175,0.01868058
365.9691,1,1,0,3.047946,14.64549,22.72297,9.418373,3.99382,16.31019,188.2848,1.016157,34.46584,15.56702,0.01819175,0.01868058
366.9732,1,1,0,3.047946,14.64549,22.72297,9.418373,3.99382,16.31019,188.2848,1.016157,34.46584,15.56702,0.01819175,0.01868058
367.9744,1,1,0,3.047946,14.64549,22.72297,9.418373,3.99382,16.31019,188.2848,1.016157,34.46584,15.56702,0.01819175,0.01868058
368.977,1,1,0,3.047946,14.64549,22.72297,9.418373,3.99382,16.31019,188.2848,1.016157,34.46584,15.56702,0.01819175,0.01868058
369.9848,1,1,0,3.047946,14.64549,22.72297,9.418373,3.99382,16.31019,188.2848,1.016157,34.46584,15.56702,0.01819175,0.01868058
370.9872,1,1,0,3.047946,14.64549,22.72297,9.418373,3.99382,16.31019,188.2848,1.016157,34.46584,15.56702,0.01819175,0.01868058
371.9898,1,1,0,3.047946,14.64549,22.72297,9.418373,3.99382,16.31019,188.2848,1.016157,34.46584,15.56702,0.01819175,0.01868058
372.9955,1,1,0,3.047946,14.64549,22.72297,9.418373,3.99382,16.31019,188.2848,1.016157,34.46584,15.56702,0.01819175,0.01868058
373.9946,1,1,0,3.047946,14.64549,22.72297,9.418373,3.99382,16.31019,188.2848,1.016157,34.46584,15.56702,0.01819175,0.01868058
374.9981,1,1,0,3.047946,14.64549,22.72297,9.418373,3.99382,16.31019,188.2848,1.016157,34.46584,15.56702,0.01819175,0.01868058
376.0006,1,1,0,3.047946,14.64549,22.72297,9.418373,3.99382,16.31019,188.2848,1.016157,34.46584,15.56702,0.01819175,0.01868058
377.0021,1,1,0,3.047946,14.64549,22.72297,9.418373,3.99382,16.31019,188.2848,1.016157,34.46584,15.56702,0.01819175,0.01868058
378.0106,1,1,0,3.047946,14.64549,22.72297,9.418373,3.99382,16.31019,188.2848,1.016157,34.46584,15.56702,0.01819175,0.01868058
379.0175,1,1,0,3.047946,14.64549,22.72297,9.418373,3.99382,16.31019,188.2848,1.016157,34.46584,15.56702,0.01819175,0.01868058
380.028,1,1,0,3.047946,14.64549,22.72297,9.418373,3.99382,16.31019,188.2848,1.016157,34.46584,15.56702,0.01819175,0.01868058
381.0363,1,1,0,3.047946,14.64549,22.72297,9.418373,3.99382,16.31019,188.2848,1.016157,34.46584,15.56702,0.01819175,0.01868058
382.0468,1,1,0,3.047946,14.64549,22.72297,9.418373,3.99382,16.31019,188.2848,1.016157,34.46584,15.56702,0.01819175,0.01868058
383.0747,1,1,0,3.047946,14.64549,22.72297,9.418373,3.99382,16.31019,188.2848,1.016157,34.46584,15.56702,0.01819175,0.01868058
384.087,1,1,0,3.047946,14.64549,22.72297,9.418373,3.99382,16.31019,188.2848,1.016157,34.46584,15.56702,0.01819175,0.01868058
385.0822,1,1,0,3.047946,14.64549,22.72297,9.418373,3.99382,16.31019,188.2848,1.016157,34.46584,15.56702,0.01819175,0.01868058
386.0853,1,1,0,3.047946,14.64549,22.72297,9.418373,3.99382,16.31019,188.2848,1.016157,34.46584,15.56702,0.01819175,0.01868058
387.1053,1,1,0,3.047946,14.64549,22.72297,9.418373,3.99382,16.31019,188.2848,1.016157,34.46584,15.56702,0.01819175,0.01868058
388.1148,1,1,0,3.047946,14.64549,22.72297,9.418373,3.99382,16.31019,188.2848,1.016157,34.46584,15.56702,0.01819175,0.01868058