Time.time,Fish.FishCount,Fish.FishCountMale,Fish.FishCountFemale,Fish.meanViewRadius,Fish.meanImpulseTime,Fish.meanKyuukaku,Fish.meanSoshakuJikan,Fish.meanMatingRestJikan,Fish.meanMatingAge,Fish.meanJumyo,Fish.meanPotentialBenefitOfMovement,Fish.meanMinimumEnergyToMate,Fish.meanMinimumLifeToEat,Fish.meanRelativeBenefitParameter,Fish.meanRelativeCostParameter,Fish.meanMinimumDistanceFromPredator,Predator.FishCount, Predator.FishCountMale, Predator.FishCountFemale,Predator.meanViewRadius,Predator.meanImpulseTime,Predator.meanSoshakuJikan,Predator.meanMatingRestJikan,Predator.meanMatingAge,Predator.meanJumyo,Predator.meanPotentialBenefitOfMovement,Predator.meanMinimumEnergyToMate,Predator.meanMinimumLifeToEat,Predator.meanRelativeBenefitParameter,Predator.meanRelativeCostParameter
0,900,450,450,3.019829,10.02818,29.22568,7.866196,7.65401,30.16875,148.7042,4.454706,49.36463,20.2267,0.04041297,0.03920896,2.992852,40,20,20,2.877241,4.883209,5.171683,8.453694,30.54156,199.8563,7.027139,26.44089,21.49012,0.04333044,0.03845166
1.003348,861,428,433,3.023676,10.02326,29.11119,7.851595,7.649181,30.3288,148.7607,4.449405,48.90834,20.24888,0.04036317,0.03932086,2.992097,40,20,20,2.877241,4.883209,5.171683,8.453694,30.54156,199.8563,7.027139,26.44089,21.49012,0.04333044,0.03845166
2.054831,849,423,426,3.020694,10.01076,29.11445,7.865385,7.642166,30.39064,148.6307,4.43154,48.74333,20.22379,0.04022262,0.03917148,2.993384,40,20,20,2.877241,4.883209,5.171683,8.453694,30.54156,199.8563,7.027139,26.44089,21.49012,0.04333044,0.03845166
3.075818,834,415,419,3.017648,10.00145,29.14389,7.862258,7.625733,30.37996,148.4798,4.432185,48.63701,20.09462,0.04025996,0.03914966,3.004177,40,20,20,2.877241,4.883209,5.171683,8.453694,30.54156,199.8563,7.027139,26.44089,21.49012,0.04333044,0.03845166
4.157159,823,408,415,3.017363,9.984798,29.13488,7.857197,7.629618,30.40154,148.3938,4.430144,48.66202,20.06623,0.04027962,0.03928564,3.011843,40,20,20,2.877241,4.883209,5.171683,8.453694,30.54156,199.8563,7.027139,26.44089,21.49012,0.04333044,0.03845166
5.145133,813,403,410,3.011958,9.950768,29.17226,7.855905,7.625985,30.41935,148.4604,4.425921,48.5747,19.98343,0.04012277,0.03923487,3.009731,40,20,20,2.877241,4.883209,5.171683,8.453694,30.54156,199.8563,7.027139,26.44089,21.49012,0.04333044,0.03845166
6.174434,803,399,404,3.010839,9.939258,29.14127,7.861587,7.610803,30.39734,148.5444,4.433437,48.53505,20.01433,0.04025409,0.03921102,3.009703,40,20,20,2.877241,4.883209,5.171683,8.453694,30.54156,199.8563,7.027139,26.44089,21.49012,0.04333044,0.03845166
7.215978,798,396,402,3.007802,9.93555,29.08529,7.859906,7.60781,30.35013,148.5154,4.434807,48.49502,20.08754,0.04020929,0.03930327,3.015284,40,20,20,2.877241,4.883209,5.171683,8.453694,30.54156,199.8563,7.027139,26.44089,21.49012,0.04333044,0.03845166
8.259163,790,390,400,3.009188,9.94167,29.05455,7.847113,7.609076,30.29629,148.6898,4.439171,48.51786,20.08404,0.04031385,0.03945607,3.020798,40,20,20,2.877241,4.883209,5.171683,8.453694,30.54156,199.8563,7.027139,26.44089,21.49012,0.04333044,0.03845166
9.276101,780,385,395,3.007739,9.95317,28.97118,7.842955,7.607403,30.33165,148.7776,4.430539,48.65603,20.02821,0.04029857,0.03933743,3.018892,40,20,20,2.877241,4.883209,5.171683,8.453694,30.54156,199.8563,7.027139,26.44089,21.49012,0.04333044,0.03845166
10.27964,774,382,392,3.004618,9.928699,28.95346,7.837705,7.625662,30.31944,148.7611,4.424193,48.66469,20.03402,0.04032193,0.03927378,3.018219,40,20,20,2.877241,4.883209,5.171683,8.453694,30.54156,199.8563,7.027139,26.44089,21.49012,0.04333044,0.03845166
11.30559,771,379,392,3.004818,9.925575,28.9694,7.847259,7.621251,30.29977,148.7498,4.423615,48.71888,20.03785,0.04020752,0.0392313,3.019464,40,20,20,2.877241,4.883209,5.171683,8.453694,30.54156,199.8563,7.027139,26.44089,21.49012,0.04333044,0.03845166
12.36012,767,376,391,3.001554,9.926907,28.94479,7.834527,7.595439,30.29811,148.8088,4.416252,48.76436,20.04685,0.04022856,0.03915277,3.025411,40,20,20,2.877241,4.883209,5.171683,8.453694,30.54156,199.8563,7.027139,26.44089,21.49012,0.04333044,0.03845166
13.41796,760,371,389,2.999668,9.925361,28.91692,7.843537,7.596263,30.28751,148.6696,4.42189,48.83728,20.12177,0.04012597,0.03914988,3.030425,40,20,20,2.877241,4.883209,5.171683,8.453694,30.54156,199.8563,7.027139,26.44089,21.49012,0.04333044,0.03845166
14.36334,753,368,385,2.998692,9.945558,28.9392,7.846931,7.585167,30.25653,148.5343,4.412324,48.64836,20.13205,0.04007389,0.03915609,3.031691,40,20,20,2.877241,4.883209,5.171683,8.453694,30.54156,199.8563,7.027139,26.44089,21.49012,0.04333044,0.03845166
15.38412,750,366,384,2.997453,9.963209,28.91818,7.843067,7.587986,30.25633,148.5933,4.414252,48.72514,20.11716,0.04001291,0.03918652,3.030082,40,20,20,2.877241,4.883209,5.171683,8.453694,30.54156,199.8563,7.027139,26.44089,21.49012,0.04333044,0.03845166
16.40314,745,364,381,2.996156,9.968726,28.91078,7.826181,7.585248,30.26684,148.6625,4.411891,48.76587,20.10709,0.040067,0.03924554,3.036757,40,20,20,2.877241,4.883209,5.171683,8.453694,30.54156,199.8563,7.027139,26.44089,21.49012,0.04333044,0.03845166
17.44673,743,362,381,2.997788,9.960337,28.92928,7.835115,7.596409,30.28319,148.7148,4.411952,48.68864,20.08636,0.0401406,0.039243,3.039076,40,20,20,2.877241,4.883209,5.171683,8.453694,30.54156,199.8563,7.027139,26.44089,21.49012,0.04333044,0.03845166
18.49908,738,362,376,2.996024,9.953921,28.98223,7.847884,7.607289,30.21675,148.7927,4.404525,48.82396,20.11403,0.04024421,0.03921768,3.045431,40,20,20,2.877241,4.883209,5.171683,8.453694,30.54156,199.8563,7.027139,26.44089,21.49012,0.04333044,0.03845166
19.52349,736,362,374,2.995641,9.963167,28.99306,7.838126,7.619732,30.22503,148.894,4.410859,48.81749,20.09256,0.04016163,0.03927376,3.046085,40,20,20,2.877241,4.883209,5.171683,8.453694,30.54156,199.8563,7.027139,26.44089,21.49012,0.04333044,0.03845166
20.53933,733,362,371,2.995455,9.970489,28.98312,7.821578,7.615656,30.23933,148.869,4.410786,48.78169,20.06924,0.04027415,0.03917866,3.05349,40,20,20,2.877241,4.883209,5.171683,8.453694,30.54156,199.8563,7.027139,26.44089,21.49012,0.04333044,0.03845166
21.58377,729,359,370,2.996516,9.974647,28.97855,7.833091,7.614408,30.26262,148.8591,4.411486,48.67331,20.04194,0.04038734,0.03909,3.05122,40,20,20,2.877241,4.883209,5.171683,8.453694,30.54156,199.8563,7.027139,26.44089,21.49012,0.04333044,0.03845166
22.64302,726,358,368,2.996722,9.967321,28.99903,7.851181,7.625828,30.29276,148.9337,4.404042,48.56401,20.07119,0.04034324,0.03912254,3.053392,40,20,20,2.877241,4.883209,5.171683,8.453694,30.54156,199.8563,7.027139,26.44089,21.49012,0.04333044,0.03845166
23.65387,725,357,368,2.997594,9.966413,29.01009,7.844349,7.632532,30.29936,148.8668,4.401552,48.6032,20.06562,0.04038197,0.03905348,3.055578,40,20,20,2.877241,4.883209,5.171683,8.453694,30.54156,199.8563,7.027139,26.44089,21.49012,0.04333044,0.03845166
24.66367,723,357,366,2.997478,9.950515,29.01709,7.842243,7.629277,30.30596,148.9098,4.403256,48.60753,20.02453,0.0402662,0.03899785,3.051557,40,20,20,2.877241,4.883209,5.171683,8.453694,30.54156,199.8563,7.027139,26.44089,21.49012,0.04333044,0.03845166
25.6986,721,357,364,2.999784,9.95749,28.98635,7.841,7.638857,30.27221,148.9863,4.399362,48.61396,20.00044,0.04019108,0.03895815,3.054527,40,20,20,2.877241,4.883209,5.171683,8.453694,30.54156,199.8563,7.027139,26.44089,21.49012,0.04333044,0.03845166
26.6978,721,357,364,2.999784,9.95749,28.98635,7.841,7.638857,30.27221,148.9863,4.399362,48.61396,20.00044,0.04019108,0.03895815,3.054527,40,20,20,2.877241,4.883209,5.171683,8.453694,30.54156,199.8563,7.027139,26.44089,21.49012,0.04333044,0.03845166
27.77145,719,355,364,2.999151,9.951287,29.00064,7.831994,7.629283,30.26609,148.9291,4.395648,48.5364,20.01959,0.04023637,0.03897262,3.050637,40,20,20,2.877241,4.883209,5.171683,8.453694,30.54156,199.8563,7.027139,26.44089,21.49012,0.04333044,0.03845166
28.83589,718,354,364,2.999337,9.950459,28.98197,7.82746,7.626513,30.29079,148.9723,4.398547,48.51178,20.00451,0.04017084,0.03895204,3.05193,40,20,20,2.877241,4.883209,5.171683,8.453694,30.54156,199.8563,7.027139,26.44089,21.49012,0.04333044,0.03845166
29.86135,713,353,360,3.001437,9.962734,28.96166,7.835323,7.645621,30.25204,148.9435,4.407883,48.44544,19.95506,0.04003607,0.03898734,3.058536,40,20,20,2.877241,4.883209,5.171683,8.453694,30.54156,199.8563,7.027139,26.44089,21.49012,0.04333044,0.03845166
30.87817,709,350,359,3.003961,9.956807,28.883,7.826461,7.65372,30.18595,148.8886,4.403872,48.45322,19.90685,0.04006264,0.03901916,3.058801,40,20,20,2.877241,4.883209,5.171683,8.453694,30.54156,199.8563,7.027139,26.44089,21.49012,0.04333044,0.03845166
31.92581,706,349,357,3.004248,9.963001,28.84715,7.82788,7.65608,30.18035,148.8945,4.408685,48.40913,19.91215,0.04015681,0.03905466,3.058235,40,20,20,2.877241,4.883209,5.171683,8.453694,30.54156,199.8563,7.027139,26.44089,21.49012,0.04333044,0.03845166
32.94723,706,349,357,3.004248,9.963001,28.84715,7.82788,7.65608,30.18035,148.8945,4.408685,48.40913,19.91215,0.04015681,0.03905466,3.058235,40,20,20,2.877241,4.883209,5.171683,8.453694,30.54156,199.8563,7.027139,26.44089,21.49012,0.04333044,0.03845166
33.95681,703,349,354,3.006815,9.943609,28.91097,7.80709,7.672434,30.17435,148.8477,4.4152,48.37294,19.89332,0.04022051,0.03910977,3.064638,40,20,20,2.877241,4.883209,5.171683,8.453694,30.54156,199.8563,7.027139,26.44089,21.49012,0.04333044,0.03845166
34.99601,698,347,351,3.005982,9.97456,28.82929,7.793841,7.667081,30.24811,148.8911,4.419308,48.53172,19.88641,0.04026135,0.03910648,3.067442,40,20,20,2.877241,4.883209,5.171683,8.453694,30.54156,199.8563,7.027139,26.44089,21.49012,0.04333044,0.03845166
36.0102,688,342,346,3.006135,10.03062,28.86909,7.793567,7.680031,30.24858,148.9086,4.41349,48.43543,19.86127,0.04036623,0.03894899,3.064312,40,20,20,2.877241,4.883209,5.171683,8.453694,30.54156,199.8563,7.027139,26.44089,21.49012,0.04333044,0.03845166
37.05905,681,338,343,3.002188,10.07986,28.9026,7.786766,7.684153,30.25261,148.994,4.412783,48.5202,19.82718,0.04038081,0.03898614,3.058921,40,20,20,2.877241,4.883209,5.171683,8.453694,30.54156,199.8563,7.027139,26.44089,21.49012,0.04333044,0.03845166
38.11166,673,332,341,3.001716,10.09867,28.86791,7.779333,7.678635,30.25652,148.9859,4.419466,48.49488,19.79569,0.04037296,0.03902543,3.058116,40,20,20,2.877241,4.883209,5.171683,8.453694,30.54156,199.8563,7.027139,26.44089,21.49012,0.04333044,0.03845166
39.13969,669,332,337,3.000127,10.12127,28.88392,7.771527,7.685321,30.27761,149.0892,4.423738,48.52045,19.7961,0.04034938,0.03902166,3.055178,40,20,20,2.877241,4.883209,5.171683,8.453694,30.54156,199.8563,7.027139,26.44089,21.49012,0.04333044,0.03845166
40.17304,660,329,331,2.999854,10.16078,28.99096,7.77737,7.690104,30.37355,148.8773,4.422948,48.68686,19.71792,0.04041768,0.03918306,3.058066,40,20,20,2.877241,4.883209,5.171683,8.453694,30.54156,199.8563,7.027139,26.44089,21.49012,0.04333044,0.03845166
41.1989,655,328,327,3.002345,10.18899,29.02803,7.769044,7.699139,30.32128,148.9005,4.431659,48.66293,19.62105,0.04052928,0.03923531,3.059433,40,20,20,2.877241,4.883209,5.171683,8.453694,30.54156,199.8563,7.027139,26.44089,21.49012,0.04333044,0.03845166
42.21027,645,323,322,3.00259,10.25852,29.16596,7.735221,7.690327,30.32463,148.7066,4.429716,48.74186,19.73178,0.04053983,0.03923598,3.058745,40,20,20,2.877241,4.883209,5.171683,8.453694,30.54156,199.8563,7.027139,26.44089,21.49012,0.04333044,0.03845166
43.21864,640,321,319,3.004433,10.29105,29.16784,7.73088,7.671301,30.32842,148.6463,4.420343,48.60297,19.73532,0.04064419,0.03915884,3.061514,40,20,20,2.877241,4.883209,5.171683,8.453694,30.54156,199.8563,7.027139,26.44089,21.49012,0.04333044,0.03845166
44.25292,624,312,312,3.002566,10.40803,29.27088,7.719096,7.695958,30.33567,148.4876,4.415346,48.60528,19.73816,0.04077923,0.03898714,3.059173,40,20,20,2.877241,4.883209,5.171683,8.453694,30.54156,199.8563,7.027139,26.44089,21.49012,0.04333044,0.03845166
45.28291,617,308,309,3.001414,10.44628,29.37316,7.721045,7.698446,30.30933,148.3765,4.41945,48.78641,19.75964,0.04087088,0.03882179,3.05923,40,20,20,2.877241,4.883209,5.171683,8.453694,30.54156,199.8563,7.027139,26.44089,21.49012,0.04333044,0.03845166
46.27082,594,297,297,3.000946,10.57648,29.43668,7.699626,7.698904,30.36744,148.4795,4.434588,48.77678,19.76684,0.04109085,0.03848893,3.035558,40,20,20,2.877241,4.883209,5.171683,8.453694,30.54156,199.8563,7.027139,26.44089,21.49012,0.04333044,0.03845166
47.29138,586,293,293,2.996225,10.62916,29.48135,7.712842,7.691188,30.44838,148.6422,4.426755,48.67457,19.74026,0.04122882,0.0385241,3.026711,40,20,20,2.877241,4.883209,5.171683,8.453694,30.54156,199.8563,7.027139,26.44089,21.49012,0.04333044,0.03845166
48.35204,569,286,283,2.99983,10.68421,29.62417,7.765271,7.688393,30.48771,148.9469,4.404532,48.88202,19.67862,0.04150793,0.03859476,3.01817,40,20,20,2.877241,4.883209,5.171683,8.453694,30.54156,199.8563,7.027139,26.44089,21.49012,0.04333044,0.03845166
49.36823,563,283,280,2.998348,10.71955,29.66912,7.7358,7.693717,30.45733,148.8826,4.403656,48.87018,19.75425,0.04153682,0.03846126,3.010584,40,20,20,2.877241,4.883209,5.171683,8.453694,30.54156,199.8563,7.027139,26.44089,21.49012,0.04333044,0.03845166
50.3997,542,273,269,3.007826,10.79866,29.95378,7.766513,7.720448,30.4483,149.3071,4.388899,49.11522,19.6665,0.04165906,0.03818078,2.998176,40,20,20,2.877241,4.883209,5.171683,8.453694,30.54156,199.8563,7.027139,26.44089,21.49012,0.04333044,0.03845166
51.41159,537,271,266,3.008718,10.79551,29.95115,7.752943,7.724733,30.47646,149.2706,4.399921,49.11918,19.68182,0.0417163,0.03813729,3.000028,41,20,21,2.895207,4.861231,5.15029,8.464239,30.34943,200.4295,6.964857,26.83521,21.34653,0.04312485,0.03875315
52.41368,506,258,248,3.00272,10.88224,30.19682,7.692852,7.707223,30.50282,149.1977,4.424819,49.11936,19.8635,0.04258436,0.03807005,2.977275,41,20,21,2.895207,4.861231,5.15029,8.464239,30.34943,200.4295,6.964857,26.83521,21.34653,0.04312485,0.03875315
53.43884,486,250,236,3.004844,10.95674,30.31804,7.678426,7.713278,30.39495,149.5487,4.412712,49.11413,20.07958,0.042857,0.03817868,2.971261,41,20,21,2.895207,4.861231,5.15029,8.464239,30.34943,200.4295,6.964857,26.83521,21.34653,0.04312485,0.03875315
54.47113,458,232,226,3.008649,11.05906,30.42516,7.671844,7.730293,30.26325,149.9487,4.4483,49.72802,19.89613,0.04302851,0.0376162,2.964717,41,20,21,2.895207,4.861231,5.15029,8.464239,30.34943,200.4295,6.964857,26.83521,21.34653,0.04312485,0.03875315
55.48396,450,228,222,3.009435,11.08738,30.53943,7.68231,7.686788,30.28807,150.0244,4.43701,50.02837,19.86435,0.04317787,0.03755213,2.955161,41,20,21,2.895207,4.861231,5.15029,8.464239,30.34943,200.4295,6.964857,26.83521,21.34653,0.04312485,0.03875315
56.52468,427,215,212,3.009177,11.10228,30.79618,7.638719,7.678901,30.02505,150.1006,4.423339,49.79316,19.91401,0.04308686,0.03740821,2.940435,41,20,21,2.895207,4.861231,5.15029,8.464239,30.34943,200.4295,6.964857,26.83521,21.34653,0.04312485,0.03875315
57.55739,417,212,205,3.009051,11.07198,30.89491,7.6636,7.663918,30.04622,150.289,4.41829,49.65983,19.93294,0.04308042,0.0373897,2.924151,41,20,21,2.895207,4.861231,5.15029,8.464239,30.34943,200.4295,6.964857,26.83521,21.34653,0.04312485,0.03875315
58.59653,389,196,193,3.007421,10.9322,31.19646,7.635902,7.619837,30.02965,150.4514,4.442337,49.85206,19.8699,0.04291056,0.03758288,2.899605,41,20,21,2.895207,4.861231,5.15029,8.464239,30.34943,200.4295,6.964857,26.83521,21.34653,0.04312485,0.03875315
59.63762,380,191,189,3.008412,10.90466,31.26999,7.6262,7.675004,29.99798,150.2789,4.467886,49.55102,19.79486,0.04286949,0.0374143,2.897346,41,20,21,2.895207,4.861231,5.15029,8.464239,30.34943,200.4295,6.964857,26.83521,21.34653,0.04312485,0.03875315
60.67221,351,180,171,2.997531,10.91008,31.45617,7.636463,7.68503,29.93802,149.7599,4.46511,49.39013,19.62715,0.04294636,0.03628758,2.872762,41,20,21,2.895207,4.861231,5.15029,8.464239,30.34943,200.4295,6.964857,26.83521,21.34653,0.04312485,0.03875315
61.66231,340,176,164,2.994532,10.9528,31.55422,7.59956,7.730371,29.9756,149.6097,4.460998,49.64301,19.75068,0.04323952,0.03586563,2.866548,41,20,21,2.895207,4.861231,5.15029,8.464239,30.34943,200.4295,6.964857,26.83521,21.34653,0.04312485,0.03875315
62.66497,318,163,155,2.998668,10.87859,31.40051,7.635448,7.733779,30.02235,149.4132,4.500784,48.8502,19.57666,0.04338733,0.03562061,2.817327,41,20,21,2.895207,4.861231,5.15029,8.464239,30.34943,200.4295,6.964857,26.83521,21.34653,0.04312485,0.03875315
63.6795,317,162,155,3.000625,10.88681,31.4515,7.636234,7.722032,30.02034,149.2608,4.497031,48.94329,19.51763,0.04346049,0.03563489,2.818053,44,20,24,2.889032,4.760786,5.308928,8.660273,30.81269,198.7877,6.883561,28.04986,21.04387,0.04270288,0.0379284
64.68438,304,157,147,3.005154,10.81207,31.4345,7.590724,7.690911,29.92569,149.5556,4.475227,49.31844,19.59216,0.04351283,0.03544769,2.799628,48,21,27,2.893077,4.592582,5.247078,8.54856,30.38203,197.0993,6.846097,27.56151,21.1106,0.04070804,0.03970386
65.70118,295,152,143,2.999176,10.8038,31.48041,7.58942,7.67262,29.94281,149.0777,4.474703,49.29155,19.55386,0.04370667,0.03513497,2.804655,48,21,27,2.893077,4.592582,5.247078,8.54856,30.38203,197.0993,6.846097,27.56151,21.1106,0.04070804,0.03970386
66.70664,285,150,135,3.004075,10.79692,31.72162,7.578711,7.711674,29.76921,149.9583,4.504553,49.09109,19.53897,0.04412947,0.03539982,2.79922,48,21,27,2.893077,4.592582,5.247078,8.54856,30.38203,197.0993,6.846097,27.56151,21.1106,0.04070804,0.03970386
67.71156,276,144,132,3.001045,10.83348,31.63397,7.643731,7.63489,29.63101,150.0003,4.499679,49.24341,19.469,0.04434158,0.0348555,2.789851,48,21,27,2.893077,4.592582,5.247078,8.54856,30.38203,197.0993,6.846097,27.56151,21.1106,0.04070804,0.03970386
68.72234,251,129,122,3.000908,10.85721,31.73516,7.69224,7.704866,29.68575,149.1281,4.480503,48.95874,19.06987,0.04385836,0.03451025,2.775437,48,21,27,2.893077,4.592582,5.247078,8.54856,30.38203,197.0993,6.846097,27.56151,21.1106,0.04070804,0.03970386
69.74071,243,124,119,3.012354,10.9002,31.79904,7.745967,7.675555,29.76319,149.1571,4.472332,48.67144,19.12913,0.0444151,0.03423674,2.753275,48,21,27,2.893077,4.592582,5.247078,8.54856,30.38203,197.0993,6.846097,27.56151,21.1106,0.04070804,0.03970386
70.76308,227,115,112,2.997842,10.88777,32.14859,7.86552,7.550869,29.57747,149.0032,4.511971,48.28805,18.96357,0.04538868,0.0337754,2.789837,48,21,27,2.893077,4.592582,5.247078,8.54856,30.38203,197.0993,6.846097,27.56151,21.1106,0.04070804,0.03970386
71.77482,220,111,109,2.991883,10.89047,32.10499,7.858476,7.488055,29.52675,149.3697,4.495797,48.10662,18.88478,0.04527203,0.03395391,2.792417,53,21,32,2.979384,4.641832,5.047568,8.757029,29.87098,199.2157,6.833194,26.62309,20.98809,0.04023531,0.03897947
72.78102,207,103,104,2.993615,10.75964,32.52809,7.906799,7.553236,29.60666,149.7137,4.443453,48.49268,18.54588,0.04592784,0.03420014,2.77882,56,22,34,2.953325,4.537508,5.00857,8.432901,28.98877,198.7445,6.744935,26.79193,20.88971,0.03965309,0.03759104
73.81567,199,99,100,2.982247,10.77966,32.84115,7.886891,7.594927,29.35139,149.8972,4.444507,47.67779,18.47751,0.04616326,0.03443668,2.79683,56,22,34,2.953325,4.537508,5.00857,8.432901,28.98877,198.7445,6.744935,26.79193,20.88971,0.03965309,0.03759104
74.82561,191,95,96,2.973083,10.71411,33.04845,7.834814,7.487139,29.24508,151.0221,4.430825,47.79296,18.48674,0.04618258,0.03452156,2.78511,56,22,34,2.953325,4.537508,5.00857,8.432901,28.98877,198.7445,6.744935,26.79193,20.88971,0.03965309,0.03759104
75.84319,186,92,94,2.972755,10.78034,33.18039,7.875427,7.481801,29.3225,150.9789,4.454908,48.15473,18.4361,0.04627322,0.0341655,2.797257,56,22,34,2.953325,4.537508,5.00857,8.432901,28.98877,198.7445,6.744935,26.79193,20.88971,0.03965309,0.03759104
76.85972,179,87,92,2.964319,10.83322,33.22277,7.892816,7.421636,29.39631,150.3147,4.433815,47.83624,18.22702,0.04608086,0.03380398,2.799038,56,22,34,2.953325,4.537508,5.00857,8.432901,28.98877,198.7445,6.744935,26.79193,20.88971,0.03965309,0.03759104
77.87914,171,82,89,2.967554,10.74896,33.39322,7.974392,7.439344,29.51701,150.7916,4.448367,48.01202,18.32826,0.04622011,0.03356213,2.807591,56,22,34,2.953325,4.537508,5.00857,8.432901,28.98877,198.7445,6.744935,26.79193,20.88971,0.03965309,0.03759104
78.89003,162,77,85,2.953822,10.76942,33.52673,8.016451,7.474541,29.76902,151.2352,4.507597,47.27207,18.14229,0.04664069,0.033373,2.817167,56,22,34,2.953325,4.537508,5.00857,8.432901,28.98877,198.7445,6.744935,26.79193,20.88971,0.03965309,0.03759104
79.92896,158,75,83,2.968302,10.72741,33.73108,7.964401,7.478499,29.65764,151.3564,4.493118,47.20509,18.12328,0.04681104,0.03372107,2.838865,56,22,34,2.953325,4.537508,5.00857,8.432901,28.98877,198.7445,6.744935,26.79193,20.88971,0.03965309,0.03759104
80.96883,153,71,82,2.98313,10.6627,33.87011,7.9799,7.454867,30.0017,151.2674,4.474337,47.22698,18.28561,0.04637961,0.03352962,2.840039,56,22,34,2.953325,4.537508,5.00857,8.432901,28.98877,198.7445,6.744935,26.79193,20.88971,0.03965309,0.03759104
81.99686,148,68,80,2.983126,10.65125,33.91012,7.902206,7.469901,29.897,151.0297,4.426025,47.21102,18.37311,0.04689092,0.03340462,2.840894,59,24,35,2.995711,4.537961,4.933295,8.294479,28.4631,199.9166,6.613605,27.5843,21.20467,0.03930378,0.03708165
83.02254,145,67,78,2.991131,10.62974,34.14836,7.895631,7.544993,29.85731,151.6376,4.408684,47.4715,18.12721,0.04748838,0.03346438,2.84096,58,24,34,3.005361,4.5484,4.890316,8.248204,28.30164,200.2892,6.643337,27.24653,21.23998,0.03937588,0.03726221
84.09523,139,62,77,2.982983,10.75749,34.34899,7.870187,7.48438,29.85816,151.4958,4.414404,47.65554,18.11042,0.04741698,0.0326503,2.866938,58,24,34,3.005361,4.5484,4.890316,8.248204,28.30164,200.2892,6.643337,27.24653,21.23998,0.03937588,0.03726221
85.10796,137,61,76,2.973464,10.74047,34.42418,7.912749,7.521462,29.88372,151.611,4.424223,47.20328,18.11335,0.04759697,0.03279561,2.882567,56,24,32,2.978606,4.463419,4.957818,8.174305,28.6007,200.8614,6.64974,27.5708,21.21371,0.0388637,0.03757475
86.15771,131,59,72,2.975476,10.85744,34.90205,7.899371,7.410966,29.86268,151.6752,4.378608,47.20323,17.97211,0.04694698,0.03204655,2.910401,56,24,32,2.978606,4.463419,4.957818,8.174305,28.6007,200.8614,6.64974,27.5708,21.21371,0.0388637,0.03757475
87.18293,128,58,70,2.983672,10.77978,35.03582,7.839136,7.375311,29.94108,152.3476,4.330648,47.06145,18.14583,0.04743107,0.03188082,2.889138,56,24,32,2.978606,4.463419,4.957818,8.174305,28.6007,200.8614,6.64974,27.5708,21.21371,0.0388637,0.03757475
88.20374,124,55,69,2.980594,10.78176,35.21631,7.823624,7.470689,29.6709,153.1853,4.293658,47.34361,18.15159,0.0476717,0.0317197,2.913655,56,24,32,2.978606,4.463419,4.957818,8.174305,28.6007,200.8614,6.64974,27.5708,21.21371,0.0388637,0.03757475
89.26215,123,54,69,2.977659,10.73631,35.35719,7.787367,7.477738,29.64159,153.5444,4.314225,47.62084,18.19368,0.04726792,0.03180382,2.923111,56,24,32,2.978606,4.463419,4.957818,8.174305,28.6007,200.8614,6.64974,27.5708,21.21371,0.0388637,0.03757475
90.29384,120,53,67,2.974467,10.75043,35.18348,7.770879,7.568124,29.61793,154.2173,4.279458,47.26898,18.0384,0.04749558,0.03154925,2.928725,58,24,34,2.987436,4.499043,4.894936,8.325769,29.31686,200.3755,6.715786,27.8989,20.95026,0.03873877,0.03887833
91.30882,119,53,66,2.979318,10.71826,35.12445,7.721045,7.537895,29.61688,154.6505,4.275758,47.58084,17.87959,0.04772318,0.03161573,2.9371,58,24,34,2.987436,4.499043,4.894936,8.325769,29.31686,200.3755,6.715786,27.8989,20.95026,0.03873877,0.03887833
92.36579,115,52,63,2.963018,10.76491,34.9827,7.71208,7.432927,29.76852,155.401,4.247113,47.73159,17.77781,0.04771499,0.03194341,2.925453,58,24,34,2.987436,4.499043,4.894936,8.325769,29.31686,200.3755,6.715786,27.8989,20.95026,0.03873877,0.03887833
93.38797,114,52,62,2.960207,10.73718,34.88092,7.712923,7.453436,29.67954,155.4538,4.263793,47.77706,17.81888,0.04785743,0.03196325,2.939145,58,24,34,2.987436,4.499043,4.894936,8.325769,29.31686,200.3755,6.715786,27.8989,20.95026,0.03873877,0.03887833
94.43583,112,51,61,2.973603,10.71513,34.88972,7.727825,7.445556,29.57395,155.3531,4.250385,47.67224,17.76246,0.04824323,0.03187094,2.929085,58,24,34,2.987436,4.499043,4.894936,8.325769,29.31686,200.3755,6.715786,27.8989,20.95026,0.03873877,0.03887833
95.44064,111,51,60,2.976855,10.72941,34.80019,7.711914,7.485197,29.41894,155.0167,4.243392,47.28475,17.80747,0.04841333,0.03156293,2.924259,58,24,34,2.987436,4.499043,4.894936,8.325769,29.31686,200.3755,6.715786,27.8989,20.95026,0.03873877,0.03887833
96.4482,108,48,60,2.992093,10.77313,34.94117,7.79785,7.491359,29.38184,155.6414,4.240341,47.82722,17.93093,0.04854739,0.03157283,2.943261,58,24,34,2.987436,4.499043,4.894936,8.325769,29.31686,200.3755,6.715786,27.8989,20.95026,0.03873877,0.03887833
97.50541,106,46,60,2.999445,10.68742,35.01888,7.741908,7.50942,29.49839,155.1679,4.25966,47.68066,17.85103,0.04903155,0.03160396,2.950745,60,25,35,3.017542,4.377867,4.944485,8.400124,28.99648,200.6624,6.696585,27.32759,20.83954,0.03931627,0.03856208
98.55527,106,46,60,2.999445,10.68742,35.01888,7.741908,7.50942,29.49839,155.1679,4.25966,47.68066,17.85103,0.04903155,0.03160396,2.950745,60,25,35,3.017542,4.377867,4.944485,8.400124,28.99648,200.6624,6.696585,27.32759,20.83954,0.03931627,0.03856208
99.61256,103,44,59,3.004491,10.57727,35.36828,7.757485,7.537658,29.61057,155.0318,4.279143,48.12436,17.41051,0.04840256,0.03192164,2.931356,60,25,35,3.017542,4.377867,4.944485,8.400124,28.99648,200.6624,6.696585,27.32759,20.83954,0.03931627,0.03856208
100.6303,102,44,58,3.005114,10.53627,35.40828,7.816066,7.522122,29.69924,155.5712,4.259972,48.00954,17.53118,0.04814865,0.03211702,2.948442,60,25,35,3.017542,4.377867,4.944485,8.400124,28.99648,200.6624,6.696585,27.32759,20.83954,0.03931627,0.03856208
101.6842,101,44,57,3.007296,10.52707,35.46785,7.854545,7.549784,29.60474,155.2294,4.234469,48.28655,17.44583,0.04846228,0.03181978,2.966393,60,25,35,3.017542,4.377867,4.944485,8.400124,28.99648,200.6624,6.696585,27.32759,20.83954,0.03931627,0.03856208
102.6989,101,44,57,3.007296,10.52707,35.46785,7.854545,7.549784,29.60474,155.2294,4.234469,48.28655,17.44583,0.04846228,0.03181978,2.966393,63,26,37,3.03512,4.203694,4.92931,8.461837,28.35779,202.3528,6.640101,26.31771,21.58424,0.03797818,0.04045851
103.7763,99,43,56,3.011702,10.46203,35.23198,7.896688,7.591941,29.90881,155.4884,4.176694,48.48112,17.64901,0.04821104,0.03201237,2.956779,63,26,37,3.03512,4.203694,4.92931,8.461837,28.35779,202.3528,6.640101,26.31771,21.58424,0.03797818,0.04045851
104.806,96,42,54,3.026535,10.42863,35.29961,7.86136,7.668498,30.32716,155.7744,4.201495,48.28492,17.66625,0.04822465,0.03203968,2.93,63,26,37,3.03512,4.203694,4.92931,8.461837,28.35779,202.3528,6.640101,26.31771,21.58424,0.03797818,0.04045851
105.8295,93,40,53,3.035915,10.43202,35.30387,7.8552,7.780893,30.35352,156.6434,4.12033,48.25802,17.68987,0.04839512,0.03186205,2.93821,63,26,37,3.03512,4.203694,4.92931,8.461837,28.35779,202.3528,6.640101,26.31771,21.58424,0.03797818,0.04045851
106.8741,91,40,51,3.026887,10.47534,35.47497,7.739207,7.785909,30.28311,156.6171,4.127382,48.42966,17.79697,0.04829932,0.03159674,2.908107,62,26,36,3.050675,4.240897,4.902732,8.56918,28.60041,202.6082,6.629265,26.65751,21.66301,0.0383657,0.03983054
107.9005,89,39,50,3.02103,10.41374,35.53018,7.788499,7.816248,30.3293,156.1719,4.083592,48.33367,18.08315,0.04901396,0.0317574,2.921045,63,27,36,3.061266,4.212078,4.926328,8.534531,28.79937,202.8966,6.621085,27.03258,21.45029,0.03861623,0.04022934
108.945,87,38,49,3.021219,10.43235,35.75269,7.773449,7.820804,30.54227,156.3583,4.083232,48.42977,17.95748,0.0491202,0.0315489,2.936935,64,28,36,3.072471,4.237004,4.958149,8.533474,29.07445,202.7582,6.653901,27.1963,21.53741,0.03908081,0.04060037
109.9807,86,37,49,3.012039,10.45507,35.67165,7.736893,7.821862,30.64005,156.8236,4.098487,48.27298,18.14084,0.04909563,0.03134279,2.949064,64,28,36,3.072471,4.237004,4.958149,8.533474,29.07445,202.7582,6.653901,27.1963,21.53741,0.03908081,0.04060037
111.048,84,37,47,3.002354,10.41856,35.56342,7.734963,7.803921,30.78151,157.6284,4.062433,47.25121,18.00842,0.04977142,0.03172326,2.946536,64,28,36,3.072471,4.237004,4.958149,8.533474,29.07445,202.7582,6.653901,27.1963,21.53741,0.03908081,0.04060037
112.1029,81,37,44,3.001616,10.55451,35.43253,7.920637,7.892252,30.5297,159.3293,3.970464,48.69485,17.92263,0.04946749,0.03231394,2.948333,64,28,36,3.072471,4.237004,4.958149,8.533474,29.07445,202.7582,6.653901,27.1963,21.53741,0.03908081,0.04060037
113.154,80,37,43,3.00797,10.49667,35.64248,7.892764,7.868367,30.5267,159.9174,3.934965,49.0891,18.13051,0.04992548,0.03255443,2.960572,64,28,36,3.072471,4.237004,4.958149,8.533474,29.07445,202.7582,6.653901,27.1963,21.53741,0.03908081,0.04060037
114.1947,77,35,42,2.998508,10.37969,35.77834,7.962306,7.776361,30.21393,160.554,3.898117,49.127,18.48078,0.05007048,0.03226262,2.976514,64,28,36,3.072471,4.237004,4.958149,8.533474,29.07445,202.7582,6.653901,27.1963,21.53741,0.03908081,0.04060037
115.2236,75,34,41,2.987351,10.52263,35.67715,7.926402,7.82115,30.16035,160.9899,3.884667,49.53469,18.44349,0.05044649,0.03155137,3.01781,63,28,35,3.060332,4.240978,5.003006,8.455995,29.36279,202.9304,6.671434,26.95464,21.69982,0.03906995,0.04088624
116.2853,72,31,41,3.008279,10.53127,35.61771,7.740896,7.944242,30.05422,161.2525,3.953795,49.57257,18.65136,0.05101846,0.03143982,3.04791,63,28,35,3.060332,4.240978,5.003006,8.455995,29.36279,202.9304,6.671434,26.95464,21.69982,0.03906995,0.04088624
117.3279,72,31,41,3.008279,10.53127,35.61771,7.740896,7.944242,30.05422,161.2525,3.953795,49.57257,18.65136,0.05101846,0.03143982,3.04791,62,27,35,3.053393,4.305558,5.037124,8.476662,29.56748,203.468,6.650723,27.37348,21.58449,0.03949706,0.04083033
118.3405,70,29,41,3.015604,10.71129,35.46553,7.680147,7.877991,29.86663,161.4629,3.949774,48.48734,18.71735,0.0515813,0.03149301,3.057513,66,29,37,3.08359,4.367554,4.863667,8.424994,29.88283,204.7942,6.650407,26.51878,21.28517,0.0386214,0.04037767
119.4077,68,29,39,3.032214,10.77885,35.24119,7.488204,7.931461,29.75364,161.6736,3.999593,48.9977,18.6612,0.05145491,0.03185763,3.071644,66,29,37,3.08359,4.367554,4.863667,8.424994,29.88283,204.7942,6.650407,26.51878,21.28517,0.0386214,0.04037767
120.4228,65,29,36,3.024031,10.82485,35.8947,7.348486,7.980524,29.38847,162.1699,4.003362,48.7518,18.48032,0.05287984,0.03242147,3.097358,72,32,40,3.154022,4.24081,4.78846,8.424912,29.31249,207.3423,6.502375,26.32673,22.07874,0.03764608,0.04003964
121.4193,61,29,32,3.023818,11.13611,35.40528,7.15648,7.748405,29.60909,163.3812,3.901924,48.46043,17.99619,0.05378107,0.03182906,3.1783,74,32,42,3.17105,4.110398,4.836656,8.36641,29.01681,206.9543,6.476061,25.80919,21.54685,0.03753572,0.04067066
122.4344,59,29,30,3.011516,11.15919,35.08903,7.07881,7.552975,29.13586,164.4718,3.878148,47.23935,17.62762,0.05400912,0.03094857,3.231342,77,35,42,3.175804,4.101628,4.880974,8.288872,29.46329,207.38,6.465707,26.08963,21.34804,0.03727156,0.04126249
123.5138,57,28,29,3.003066,11.20438,34.73639,7.142464,7.503084,29.53068,164.9796,3.793969,47.5562,17.72957,0.05417927,0.03052964,3.204306,77,35,42,3.175804,4.101628,4.880974,8.288872,29.46329,207.38,6.465707,26.08963,21.34804,0.03727156,0.04126249
124.5273,56,28,28,2.993602,11.13735,34.70011,7.22375,7.451325,29.22162,164.7094,3.785215,47.89447,17.70302,0.05450225,0.03054047,3.207886,82,37,45,3.207304,3.942179,4.973143,8.465623,29.14991,209.7206,6.382108,25.20144,21.36741,0.03769249,0.04064172
125.6013,51,27,24,2.967539,11.09649,35.12188,7.544682,7.169619,29.16738,165.5794,3.852455,48.22614,18.03577,0.05484806,0.03001744,3.204958,82,37,45,3.207304,3.942179,4.973143,8.465623,29.14991,209.7206,6.382108,25.20144,21.36741,0.03769249,0.04064172
126.6341,48,25,23,2.977281,11.0886,35.59696,7.342645,7.231771,28.3998,168.0404,3.819195,49.00932,18.61471,0.05379201,0.02965393,3.246007,82,37,45,3.207304,3.942179,4.973143,8.465623,29.14991,209.7206,6.382108,25.20144,21.36741,0.03769249,0.04064172
127.6785,46,24,22,2.948665,11.09021,35.15794,7.185346,7.295857,28.18797,168.5726,3.772593,50.14497,19.05002,0.05419511,0.03008807,3.173983,81,37,44,3.206207,3.959791,4.986185,8.414839,29.25632,210.1794,6.353372,25.36601,21.50179,0.03791603,0.04072861
128.7303,45,23,22,2.948771,10.97836,35.41904,7.275707,7.324406,28.42501,168.3315,3.698267,50.02265,19.46435,0.05515243,0.03025187,3.166964,85,39,46,3.156655,3.895469,4.968937,8.300637,30.00286,209.3153,6.427073,25.4364,21.2705,0.03728522,0.03987627
129.7485,43,22,21,2.938642,10.79304,35.80119,7.400928,7.287382,29.1454,169.6935,3.697397,48.645,19.30949,0.05348612,0.03094539,3.218717,81,39,42,3.121772,4.02242,5.069637,8.282407,30.19596,208.0428,6.507665,26.15686,21.12988,0.03771444,0.03944609
130.7427,41,21,20,2.957487,10.88593,35.25309,7.244288,7.263895,28.77551,170.5829,3.791799,47.55991,19.6143,0.05539257,0.02774101,3.197584,81,39,42,3.121772,4.02242,5.069637,8.282407,30.19596,208.0428,6.507665,26.15686,21.12988,0.03771444,0.03944609
131.8122,40,20,20,2.969176,11.00841,35.25513,7.068593,7.142765,29.19263,170.0067,3.738992,47.1608,19.30688,0.05556053,0.02627714,3.170492,77,39,38,3.101863,4.173713,5.070366,8.306026,30.83327,207.7078,6.589441,26.68723,20.80708,0.03814883,0.03862239
132.8755,39,20,19,2.990493,11.17075,35.42932,6.915982,7.078229,29.63054,170.358,3.801023,47.58658,19.29549,0.05613968,0.0257182,3.182334,77,39,38,3.09702,4.224447,4.996696,8.327201,30.9294,207.7289,6.61246,26.67268,20.78228,0.03834482,0.03861098
133.8844,39,20,19,2.990493,11.17075,35.42932,6.915982,7.078229,29.63054,170.358,3.801023,47.58658,19.29549,0.05613968,0.0257182,3.182334,75,39,36,3.08972,4.21269,5.034802,8.208033,30.87942,206.8602,6.615389,27.01672,21.13606,0.03871434,0.03880305
134.9102,38,20,18,2.983294,11.1841,35.76316,6.870529,7.200706,29.71284,171.2999,3.69832,47.84647,19.32579,0.05591685,0.02603341,3.216533,74,39,35,3.101488,4.166952,5.017132,8.158656,30.73277,206.4627,6.58793,26.90542,20.93077,0.03797635,0.03911516
135.9522,36,19,17,3.009067,11.1941,35.7952,7.074114,7.359743,30.15537,171.9219,3.714103,48.63256,19.26674,0.05819501,0.02561626,3.244627,74,40,34,3.099649,4.296167,4.990092,8.203926,30.78914,207.065,6.539664,26.66567,20.67229,0.03809535,0.04017358
137.029,34,18,16,2.973621,11.30834,36.81214,7.026793,7.527238,30.15457,173.3818,3.686235,47.29141,18.56349,0.05846428,0.02584916,3.206613,74,40,34,3.099649,4.296167,4.990092,8.203926,30.78914,207.065,6.539664,26.66567,20.67229,0.03809535,0.04017358
138.1244,34,18,16,2.973621,11.30834,36.81214,7.026793,7.527238,30.15457,173.3818,3.686235,47.29141,18.56349,0.05846428,0.02584916,3.206613,73,40,33,3.098435,4.282596,5.014034,8.143538,30.66589,207.6911,6.483618,26.86973,20.88358,0.03746323,0.04027326
139.1587,34,18,16,2.973621,11.30834,36.81214,7.026793,7.527238,30.15457,173.3818,3.686235,47.29141,18.56349,0.05846428,0.02584916,3.206613,73,40,33,3.098435,4.282596,5.014034,8.143538,30.66589,207.6911,6.483618,26.86973,20.88358,0.03746323,0.04027326
140.2506,30,16,14,2.973636,11.22942,36.54851,7.502289,7.331327,31.36808,174.1004,3.720812,48.66925,18.19731,0.05754121,0.02755335,3.201105,72,40,32,3.115645,4.30656,5.027399,8.182289,30.52128,208.2278,6.434293,26.99718,20.97067,0.03737643,0.04058173
141.3389,30,16,14,2.973636,11.22942,36.54851,7.502289,7.331327,31.36808,174.1004,3.720812,48.66925,18.19731,0.05754121,0.02755335,3.201105,71,40,31,3.128466,4.335304,5.042014,8.244227,30.27332,208.6672,6.389262,26.64917,21.10389,0.03774935,0.04089986
142.4308,30,16,14,2.973636,11.22942,36.54851,7.502289,7.331327,31.36808,174.1004,3.720812,48.66925,18.19731,0.05754121,0.02755335,3.201105,71,40,31,3.128466,4.335304,5.042014,8.244227,30.27332,208.6672,6.389262,26.64917,21.10389,0.03774935,0.04089986
143.4256,30,16,14,2.973636,11.22942,36.54851,7.502289,7.331327,31.36808,174.1004,3.720812,48.66925,18.19731,0.05754121,0.02755335,3.201105,71,40,31,3.128466,4.335304,5.042014,8.244227,30.27332,208.6672,6.389262,26.64917,21.10389,0.03774935,0.04089986
144.4588,28,15,13,2.978346,11.23914,36.17753,7.692619,7.546522,31.86704,174.6016,3.862545,48.28555,18.591,0.05806977,0.02761214,3.205722,70,40,30,3.1219,4.341865,5.049642,8.330374,30.48952,208.7324,6.405702,26.74217,21.15121,0.03796775,0.04132472
145.5413,27,15,12,2.995933,11.41258,36.30535,7.900182,7.574145,31.5106,175.6152,3.816953,48.92991,18.24509,0.05792568,0.02822359,3.207762,67,38,29,3.096167,4.357832,5.151192,8.344646,30.43447,208.1844,6.382995,27.31791,21.66692,0.03805121,0.04159855
146.699,26,14,12,3.022585,11.68498,35.83853,8.040331,7.811084,30.91321,176.7629,3.85455,47.05869,18.45359,0.05913046,0.02665399,3.169442,66,38,28,3.113203,4.411485,5.153173,8.422845,30.65587,208.6686,6.407424,27.43318,21.72515,0.03802289,0.04195553
147.751,26,14,12,3.022585,11.68498,35.83853,8.040331,7.811084,30.91321,176.7629,3.85455,47.05869,18.45359,0.05913046,0.02665399,3.169442,64,36,28,3.07375,4.507436,5.275151,8.25515,31.45168,207.0426,6.52716,27.7293,20.72884,0.03851626,0.04271972
148.8829,26,14,12,3.022585,11.68498,35.83853,8.040331,7.811084,30.91321,176.7629,3.85455,47.05869,18.45359,0.05913046,0.02665399,3.169442,68,39,29,3.080356,4.401672,5.296567,8.200743,31.91249,206.9226,6.563124,27.32285,20.57681,0.03732591,0.04178989
149.9034,26,14,12,3.022585,11.68498,35.83853,8.040331,7.811084,30.91321,176.7629,3.85455,47.05869,18.45359,0.05913046,0.02665399,3.169442,68,39,29,3.080356,4.401672,5.296567,8.200743,31.91249,206.9226,6.563124,27.32285,20.57681,0.03732591,0.04178989
150.9323,26,14,12,3.022585,11.68498,35.83853,8.040331,7.811084,30.91321,176.7629,3.85455,47.05869,18.45359,0.05913046,0.02665399,3.169442,66,37,29,3.058906,4.481514,5.169416,8.11801,32.10255,205.8311,6.567218,27.803,20.57363,0.03710338,0.04210287
151.9469,25,14,11,3.039904,11.57414,35.53962,7.923215,7.611884,31.56669,177.7887,3.801281,47.99131,17.69139,0.06104443,0.02565995,3.13381,66,37,29,3.058906,4.481514,5.169416,8.11801,32.10255,205.8311,6.567218,27.803,20.57363,0.03710338,0.04210287
152.9083,24,13,11,3.025736,11.4013,34.98045,8.049195,7.462926,31.69639,178.8315,3.714065,46.04997,17.26604,0.06244463,0.02598402,3.135153,66,37,29,3.058906,4.481514,5.169416,8.11801,32.10255,205.8311,6.567218,27.803,20.57363,0.03710338,0.04210287
153.9818,24,13,11,3.025736,11.4013,34.98045,8.049195,7.462926,31.69639,178.8315,3.714065,46.04997,17.26604,0.06244463,0.02598402,3.135153,70,41,29,3.072762,4.560828,5.001969,7.889546,31.37743,204.2497,6.394785,25.94868,21.57164,0.03662867,0.04079687
155.051,23,13,10,2.994363,11.24028,35.09433,7.859252,7.576488,31.42603,178.2537,3.61185,47.06136,17.09717,0.06440029,0.0229054,3.12917,70,41,29,3.072762,4.560828,5.001969,7.889546,31.37743,204.2497,6.394785,25.94868,21.57164,0.03662867,0.04079687
156.0932,23,13,10,2.994363,11.24028,35.09433,7.859252,7.576488,31.42603,178.2537,3.61185,47.06136,17.09717,0.06440029,0.0229054,3.12917,68,40,28,3.071517,4.582031,4.988967,7.952875,31.78719,204.4237,6.350873,26.24698,21.0983,0.03733367,0.04079293
157.1106,22,13,9,2.985562,11.41471,35.83767,8.085875,7.722996,31.28717,179.034,3.679576,48.39169,16.5984,0.06346267,0.02346866,3.113277,68,40,28,3.071517,4.582031,4.988967,7.952875,31.78719,204.4237,6.350873,26.24698,21.0983,0.03733367,0.04079293
158.1518,22,13,9,2.985562,11.41471,35.83767,8.085875,7.722996,31.28717,179.034,3.679576,48.39169,16.5984,0.06346267,0.02346866,3.113277,70,43,27,3.089651,4.414985,5.022982,8.000311,31.00527,205.774,6.292073,25.56535,21.80746,0.03589055,0.04177123
159.2581,19,11,8,2.97578,11.01838,35.93735,7.854767,8.130845,32.73149,181.4642,3.129411,49.32383,17.60039,0.06282353,0.02181536,3.187239,69,42,27,3.098022,4.471504,5.051013,8.029184,31.12147,206.4589,6.310444,25.2635,21.70796,0.03624604,0.0418547
160.3048,18,10,8,2.990524,11.20743,35.66108,7.746136,8.303231,32.93409,182.6608,2.869214,48.59739,17.4539,0.06360528,0.01868628,3.097026,67,40,27,3.122616,4.522163,5.04601,8.047757,30.68813,206.3355,6.319537,25.44976,21.75562,0.03667977,0.04229204
161.3789,17,10,7,3.010057,10.87154,35.62409,7.768037,8.229705,33.60434,183.9738,2.859363,48.61539,16.32561,0.06645346,0.01899543,3.074785,67,40,27,3.122616,4.522163,5.04601,8.047757,30.68813,206.3355,6.319537,25.44976,21.75562,0.03667977,0.04229204
162.3562,17,10,7,3.010057,10.87154,35.62409,7.768037,8.229705,33.60434,183.9738,2.859363,48.61539,16.32561,0.06645346,0.01899543,3.074785,66,40,26,3.118653,4.546497,5.069976,8.018844,30.54908,206.9943,6.326361,25.48405,21.82374,0.03707523,0.04241659
163.3823,17,10,7,3.010057,10.87154,35.62409,7.768037,8.229705,33.60434,183.9738,2.859363,48.61539,16.32561,0.06645346,0.01899543,3.074785,63,38,25,3.080632,4.541945,5.02457,8.063168,31.08909,207.1954,6.371942,25.35192,21.46441,0.03744757,0.04198492
164.5132,17,10,7,3.010057,10.87154,35.62409,7.768037,8.229705,33.60434,183.9738,2.859363,48.61539,16.32561,0.06645346,0.01899543,3.074785,63,38,25,3.080632,4.541945,5.02457,8.063168,31.08909,207.1954,6.371942,25.35192,21.46441,0.03744757,0.04198492
165.5884,17,10,7,3.010057,10.87154,35.62409,7.768037,8.229705,33.60434,183.9738,2.859363,48.61539,16.32561,0.06645346,0.01899543,3.074785,62,38,24,3.091699,4.566549,5.060246,8.093395,31.31073,207.9841,6.378344,25.70022,21.24513,0.03765906,0.04210372
166.5892,15,9,6,2.972629,11.31527,34.41078,8.308444,8.539067,34.09192,186.3203,2.935814,45.19672,17.02241,0.06894705,0.01873463,2.962954,60,37,23,3.098841,4.481552,5.07058,8.06059,30.9924,209.1504,6.3957,25.88227,21.17676,0.03786679,0.04280806
167.6194,13,9,4,2.936099,11.26622,34.64677,8.037248,8.204286,33.93998,189.253,2.710922,44.60545,18.84202,0.06670441,0.01647774,2.965156,58,37,21,3.090621,4.581669,4.992538,8.041772,31.54658,209.5907,6.397703,26.68655,20.7853,0.0384075,0.04167623
168.6693,13,9,4,2.936099,11.26622,34.64677,8.037248,8.204286,33.93998,189.253,2.710922,44.60545,18.84202,0.06670441,0.01647774,2.965156,58,37,21,3.090621,4.581669,4.992538,8.041772,31.54658,209.5907,6.397703,26.68655,20.7853,0.0384075,0.04167623
169.7702,11,7,4,2.976151,11.03315,35.19883,7.465164,8.012811,35.37535,189.9226,2.415006,42.84909,19.45866,0.06531119,0.0157302,2.892882,57,36,21,3.111177,4.602567,5.019946,8.135094,31.93778,209.918,6.412613,26.28675,20.76681,0.03863009,0.04223214
170.8548,10,6,4,3.041667,11.46082,35.65935,7.733988,7.681696,34.9161,191.8996,2.374387,40.2279,21.14455,0.06491841,0.01572595,2.908985,56,35,21,3.123897,4.661458,4.942523,8.128467,31.70451,209.3533,6.429827,26.56174,20.79737,0.03821363,0.0427246
171.8926,9,5,4,3.082921,12.38635,34.27567,8.193172,8.106194,33.73647,194.2334,2.376652,39.85873,22.26154,0.06544461,0.01615071,3.112022,56,35,21,3.123897,4.661458,4.942523,8.128467,31.70451,209.3533,6.429827,26.56174,20.79737,0.03821363,0.0427246
172.9547,9,5,4,3.082921,12.38635,34.27567,8.193172,8.106194,33.73647,194.2334,2.376652,39.85873,22.26154,0.06544461,0.01615071,3.112022,55,34,21,3.112541,4.724196,4.858684,8.122373,31.91451,208.6851,6.468349,26.85629,20.64508,0.03783583,0.04294593
173.9801,9,5,4,3.082921,12.38635,34.27567,8.193172,8.106194,33.73647,194.2334,2.376652,39.85873,22.26154,0.06544461,0.01615071,3.112022,54,33,21,3.130987,4.650332,4.817939,8.038203,32.03235,209.3356,6.448518,26.97643,20.55963,0.03789085,0.04330343
175.0005,9,5,4,3.082921,12.38635,34.27567,8.193172,8.106194,33.73647,194.2334,2.376652,39.85873,22.26154,0.06544461,0.01615071,3.112022,53,33,20,3.123669,4.664426,4.87031,8.115868,32.33765,209.1426,6.48772,26.67462,20.63442,0.03792682,0.04392736
176.1289,8,4,4,3.057963,11.89717,33.38003,8.582932,8.727919,33.43632,196.6069,2.40573,33.24362,20.40536,0.06286083,0.01464947,3.071079,52,32,20,3.140283,4.603992,4.777299,8.030394,32.70397,208.8235,6.498088,26.3878,20.64507,0.03688782,0.04456667
177.1313,8,4,4,3.057963,11.89717,33.38003,8.582932,8.727919,33.43632,196.6069,2.40573,33.24362,20.40536,0.06286083,0.01464947,3.071079,52,32,20,3.140283,4.603992,4.777299,8.030394,32.70397,208.8235,6.498088,26.3878,20.64507,0.03688782,0.04456667
178.1421,8,4,4,3.057963,11.89717,33.38003,8.582932,8.727919,33.43632,196.6069,2.40573,33.24362,20.40536,0.06286083,0.01464947,3.071079,52,32,20,3.140283,4.603992,4.777299,8.030394,32.70397,208.8235,6.498088,26.3878,20.64507,0.03688782,0.04456667
179.1804,7,3,4,3.070544,12.28343,31.55856,8.082551,8.273337,32.60385,199.2067,2.304453,31.80221,21.26554,0.0689593,0.01306722,2.824727,51,32,19,3.143003,4.683306,4.816941,7.958384,32.45468,209.4194,6.486454,26.25951,20.60412,0.03702844,0.04513657
180.2229,6,2,4,3.086938,13.01564,32.91793,8.873946,8.950455,30.44809,202.5378,2.480376,34.91199,20.13751,0.06537192,0.01187982,2.635478,49,32,17,3.117702,4.603951,4.92141,7.879538,32.35522,209.3658,6.408298,26.58772,20.56309,0.03755728,0.0457225
181.3087,6,2,4,3.086938,13.01564,32.91793,8.873946,8.950455,30.44809,202.5378,2.480376,34.91199,20.13751,0.06537192,0.01187982,2.635478,41,25,16,3.1035,4.583744,4.994898,8.096005,32.35377,211.5402,6.587101,29.03734,19.63231,0.0398373,0.04930693
182.3989,6,2,4,3.086938,13.01564,32.91793,8.873946,8.950455,30.44809,202.5378,2.480376,34.91199,20.13751,0.06537192,0.01187982,2.635478,39,24,15,3.132752,4.563294,4.941106,8.167316,32.48996,212.6547,6.64877,29.50261,19.23824,0.04043298,0.05067249
183.4467,6,2,4,3.086938,13.01564,32.91793,8.873946,8.950455,30.44809,202.5378,2.480376,34.91199,20.13751,0.06537192,0.01187982,2.635478,39,24,15,3.132752,4.563294,4.941106,8.167316,32.48996,212.6547,6.64877,29.50261,19.23824,0.04043298,0.05067249
184.483,6,2,4,3.086938,13.01564,32.91793,8.873946,8.950455,30.44809,202.5378,2.480376,34.91199,20.13751,0.06537192,0.01187982,2.635478,40,25,15,3.103838,4.690438,5.035487,8.271109,32.60499,213.1164,6.59477,29.85432,19.64389,0.04116144,0.0506764
185.5699,5,1,4,3.087599,12.34492,30.09441,8.201866,9.425043,30.05181,206.0755,2.757717,37.95837,19.54692,0.07163429,0.01071834,2.445738,40,25,15,3.103838,4.690438,5.035487,8.271109,32.60499,213.1164,6.59477,29.85432,19.64389,0.04116144,0.0506764
186.6506,4,0,4,3.104761,11.71504,33.79497,7.842506,9.145747,34.19728,211.1898,2.636013,33.80946,18.7407,0.0692097,0.008261384,2.618197,38,24,14,3.124007,4.736027,5.064697,8.093758,32.28778,213.9027,6.557982,29.61702,19.0906,0.04013908,0.04943427
187.7282,3,-1,4,3.348861,13.11928,30.97961,6.916243,8.620661,32.65888,219.1018,1.352007,43.82587,20.08364,0.08227888,-0.001811221,3.136328,38,24,14,3.124007,4.736027,5.064697,8.093758,32.28778,213.9027,6.557982,29.61702,19.0906,0.04013908,0.04943427
188.7498,3,-1,4,3.348861,13.11928,30.97961,6.916243,8.620661,32.65888,219.1018,1.352007,43.82587,20.08364,0.08227888,-0.001811221,3.136328,37,24,13,3.142069,4.724416,5.122335,8.084321,32.31811,214.6015,6.574965,30.33247,19.24734,0.04056798,0.05029334
189.8112,2,-1,3,3.459766,11.51989,22.58746,3.310805,11.30643,34.19233,233.791,1.294147,36.9945,28.00068,0.09853698,-0.0144058,3.522716,37,24,13,3.142069,4.724416,5.122335,8.084321,32.31811,214.6015,6.574965,30.33247,19.24734,0.04056798,0.05029334
190.8285,1,-1,2,4.551963,9.693886,17.71981,-4.04348,12.82729,53.64465,276.737,-0.4128525,21.79024,26.87651,0.1231209,-0.04229141,4.109583,35,23,12,3.127137,4.658602,5.092608,8.283886,32.68182,214.4678,6.608521,30.37146,19.06783,0.04105346,0.05039348
191.8252,0,-1,1,Infinity,-Infinity,-Infinity,-Infinity,Infinity,Infinity,Infinity,-Infinity,-Infinity,-Infinity,Infinity,-Infinity,Infinity,35,23,12,3.127137,4.658602,5.092608,8.283886,32.68182,214.4678,6.608521,30.37146,19.06783,0.04105346,0.05039348
192.8929,0,-1,1,Infinity,-Infinity,-Infinity,-Infinity,Infinity,Infinity,Infinity,-Infinity,-Infinity,-Infinity,Infinity,-Infinity,Infinity,35,23,12,3.127137,4.658602,5.092608,8.283886,32.68182,214.4678,6.608521,30.37146,19.06783,0.04105346,0.05039348
193.9794,0,-1,1,Infinity,-Infinity,-Infinity,-Infinity,Infinity,Infinity,Infinity,-Infinity,-Infinity,-Infinity,Infinity,-Infinity,Infinity,34,23,11,3.117351,4.510092,5.144412,8.210208,32.82263,215.071,6.550499,30.77355,19.07128,0.04044017,0.04947254
195.0325,0,-1,1,Infinity,-Infinity,-Infinity,-Infinity,Infinity,Infinity,Infinity,-Infinity,-Infinity,-Infinity,Infinity,-Infinity,Infinity,34,23,11,3.117351,4.510092,5.144412,8.210208,32.82263,215.071,6.550499,30.77355,19.07128,0.04044017,0.04947254
196.1138,-1,-1,0,NaN,NaN,NaN,NaN,NaN,NaN,NaN,NaN,NaN,NaN,NaN,NaN,NaN,32,21,11,3.11526,4.543865,5.141664,8.381076,33.0293,215.3299,6.527565,32.06747,19.02744,0.03915257,0.05140405
197.1773,-2,-1,-1,NaN,NaN,NaN,NaN,NaN,NaN,NaN,NaN,NaN,NaN,NaN,NaN,NaN,32,21,11,3.11526,4.543865,5.141664,8.381076,33.0293,215.3299,6.527565,32.06747,19.02744,0.03915257,0.05140405
198.1843,-2,-1,-1,NaN,NaN,NaN,NaN,NaN,NaN,NaN,NaN,NaN,NaN,NaN,NaN,NaN,31,20,11,3.123624,4.497441,5.06664,8.481146,32.73598,215.8867,6.40135,32.1526,19.01457,0.03959269,0.051459
199.234,-2,-1,-1,NaN,NaN,NaN,NaN,NaN,NaN,NaN,NaN,NaN,NaN,NaN,NaN,NaN,30,20,10,3.155997,4.497882,5.008199,8.69622,32.23774,216.1613,6.370428,31.97964,19.50118,0.03864687,0.05041243
200.3168,-2,-1,-1,NaN,NaN,NaN,NaN,NaN,NaN,NaN,NaN,NaN,NaN,NaN,NaN,NaN,30,20,10,3.155997,4.497882,5.008199,8.69622,32.23774,216.1613,6.370428,31.97964,19.50118,0.03864687,0.05041243
201.3144,-2,-1,-1,NaN,NaN,NaN,NaN,NaN,NaN,NaN,NaN,NaN,NaN,NaN,NaN,NaN,30,20,10,3.155997,4.497882,5.008199,8.69622,32.23774,216.1613,6.370428,31.97964,19.50118,0.03864687,0.05041243
202.3334,-2,-1,-1,NaN,NaN,NaN,NaN,NaN,NaN,NaN,NaN,NaN,NaN,NaN,NaN,NaN,30,20,10,3.155997,4.497882,5.008199,8.69622,32.23774,216.1613,6.370428,31.97964,19.50118,0.03864687,0.05041243
203.377,-2,-1,-1,NaN,NaN,NaN,NaN,NaN,NaN,NaN,NaN,NaN,NaN,NaN,NaN,NaN,27,17,10,3.140767,4.565947,4.900869,8.953995,31.32232,215.9702,6.388218,31.86547,19.84085,0.03952368,0.04980703
204.5359,-2,-1,-1,NaN,NaN,NaN,NaN,NaN,NaN,NaN,NaN,NaN,NaN,NaN,NaN,NaN,27,17,10,3.140767,4.565947,4.900869,8.953995,31.32232,215.9702,6.388218,31.86547,19.84085,0.03952368,0.04980703
205.5848,-2,-1,-1,NaN,NaN,NaN,NaN,NaN,NaN,NaN,NaN,NaN,NaN,NaN,NaN,NaN,26,16,10,3.121874,4.630568,4.826207,9.021022,31.72342,216.3802,6.401323,31.85798,20.56709,0.03966924,0.0509705
206.6441,-2,-1,-1,NaN,NaN,NaN,NaN,NaN,NaN,NaN,NaN,NaN,NaN,NaN,NaN,NaN,25,15,10,3.130842,4.570419,4.841594,8.846706,32.49305,216.7932,6.46162,31.3922,20.21231,0.03757809,0.05255343
207.7021,-2,-1,-1,NaN,NaN,NaN,NaN,NaN,NaN,NaN,NaN,NaN,NaN,NaN,NaN,NaN,25,15,10,3.130842,4.570419,4.841594,8.846706,32.49305,216.7932,6.46162,31.3922,20.21231,0.03757809,0.05255343
208.7795,-2,-1,-1,NaN,NaN,NaN,NaN,NaN,NaN,NaN,NaN,NaN,NaN,NaN,NaN,NaN,24,15,9,3.170065,4.35706,4.925386,8.972479,31.95473,216.4427,6.522339,30.99038,20.64438,0.03806322,0.05137299
209.939,-2,-1,-1,NaN,NaN,NaN,NaN,NaN,NaN,NaN,NaN,NaN,NaN,NaN,NaN,NaN,24,15,9,3.170065,4.35706,4.925386,8.972479,31.95473,216.4427,6.522339,30.99038,20.64438,0.03806322,0.05137299
211.0208,-2,-1,-1,NaN,NaN,NaN,NaN,NaN,NaN,NaN,NaN,NaN,NaN,NaN,NaN,NaN,20,12,8,3.067325,4.786423,4.773352,8.826138,33.27344,215.3438,6.646838,33.3549,19.16998,0.04198256,0.04609073
212.1501,-2,-1,-1,NaN,NaN,NaN,NaN,NaN,NaN,NaN,NaN,NaN,NaN,NaN,NaN,NaN,20,12,8,3.067325,4.786423,4.773352,8.826138,33.27344,215.3438,6.646838,33.3549,19.16998,0.04198256,0.04609073
213.1718,-2,-1,-1,NaN,NaN,NaN,NaN,NaN,NaN,NaN,NaN,NaN,NaN,NaN,NaN,NaN,20,12,8,3.067325,4.786423,4.773352,8.826138,33.27344,215.3438,6.646838,33.3549,19.16998,0.04198256,0.04609073
214.1931,-2,-1,-1,NaN,NaN,NaN,NaN,NaN,NaN,NaN,NaN,NaN,NaN,NaN,NaN,NaN,20,12,8,3.067325,4.786423,4.773352,8.826138,33.27344,215.3438,6.646838,33.3549,19.16998,0.04198256,0.04609073
215.2719,-2,-1,-1,NaN,NaN,NaN,NaN,NaN,NaN,NaN,NaN,NaN,NaN,NaN,NaN,NaN,19,11,8,3.033653,4.888481,4.818067,8.604897,33.88057,213.9737,6.771913,34.42734,19.70789,0.04123093,0.04691694
216.3054,-2,-1,-1,NaN,NaN,NaN,NaN,NaN,NaN,NaN,NaN,NaN,NaN,NaN,NaN,NaN,17,10,7,3.047048,4.947632,4.968574,8.239155,33.1128,213.3766,6.87922,33.85567,18.58313,0.04079587,0.04672934
217.4194,-2,-1,-1,NaN,NaN,NaN,NaN,NaN,NaN,NaN,NaN,NaN,NaN,NaN,NaN,NaN,17,10,7,3.047048,4.947632,4.968574,8.239155,33.1128,213.3766,6.87922,33.85567,18.58313,0.04079587,0.04672934
218.495,-2,-1,-1,NaN,NaN,NaN,NaN,NaN,NaN,NaN,NaN,NaN,NaN,NaN,NaN,NaN,16,10,6,3.057567,4.979412,5.086363,8.00526,33.46364,213.0621,6.756839,33.68892,18.83951,0.04259768,0.04432082
219.607,-2,-1,-1,NaN,NaN,NaN,NaN,NaN,NaN,NaN,NaN,NaN,NaN,NaN,NaN,NaN,14,10,4,2.983784,4.972321,5.297323,8.112913,33.86821,212.2286,6.704889,31.96386,19.72235,0.04117465,0.04052124
220.6326,-2,-1,-1,NaN,NaN,NaN,NaN,NaN,NaN,NaN,NaN,NaN,NaN,NaN,NaN,NaN,14,10,4,2.983784,4.972321,5.297323,8.112913,33.86821,212.2286,6.704889,31.96386,19.72235,0.04117465,0.04052124
221.7336,-2,-1,-1,NaN,NaN,NaN,NaN,NaN,NaN,NaN,NaN,NaN,NaN,NaN,NaN,NaN,12,8,4,3.035136,4.595615,5.268681,7.690051,33.49794,210.6628,6.64432,33.30615,19.22287,0.03978228,0.03887865
222.917,-2,-1,-1,NaN,NaN,NaN,NaN,NaN,NaN,NaN,NaN,NaN,NaN,NaN,NaN,NaN,11,8,3,2.993033,4.933435,4.966613,7.682997,34.06222,214.9339,6.538631,32.12545,18.48916,0.04116508,0.03963358
223.8939,-2,-1,-1,NaN,NaN,NaN,NaN,NaN,NaN,NaN,NaN,NaN,NaN,NaN,NaN,NaN,10,7,3,2.928684,4.832418,5.162042,8.035061,35.68219,214.1171,6.777841,32.88694,16.95354,0.04154256,0.04254055
224.9855,-2,-1,-1,NaN,NaN,NaN,NaN,NaN,NaN,NaN,NaN,NaN,NaN,NaN,NaN,NaN,10,7,3,2.928684,4.832418,5.162042,8.035061,35.68219,214.1171,6.777841,32.88694,16.95354,0.04154256,0.04254055
226.1049,-2,-1,-1,NaN,NaN,NaN,NaN,NaN,NaN,NaN,NaN,NaN,NaN,NaN,NaN,NaN,10,7,3,2.928684,4.832418,5.162042,8.035061,35.68219,214.1171,6.777841,32.88694,16.95354,0.04154256,0.04254055
227.1437,-2,-1,-1,NaN,NaN,NaN,NaN,NaN,NaN,NaN,NaN,NaN,NaN,NaN,NaN,NaN,10,7,3,2.928684,4.832418,5.162042,8.035061,35.68219,214.1171,6.777841,32.88694,16.95354,0.04154256,0.04254055
228.2224,-2,-1,-1,NaN,NaN,NaN,NaN,NaN,NaN,NaN,NaN,NaN,NaN,NaN,NaN,NaN,10,7,3,2.928684,4.832418,5.162042,8.035061,35.68219,214.1171,6.777841,32.88694,16.95354,0.04154256,0.04254055
229.346,-2,-1,-1,NaN,NaN,NaN,NaN,NaN,NaN,NaN,NaN,NaN,NaN,NaN,NaN,NaN,10,7,3,2.928684,4.832418,5.162042,8.035061,35.68219,214.1171,6.777841,32.88694,16.95354,0.04154256,0.04254055
230.3738,-2,-1,-1,NaN,NaN,NaN,NaN,NaN,NaN,NaN,NaN,NaN,NaN,NaN,NaN,NaN,10,7,3,2.928684,4.832418,5.162042,8.035061,35.68219,214.1171,6.777841,32.88694,16.95354,0.04154256,0.04254055
231.3693,-2,-1,-1,NaN,NaN,NaN,NaN,NaN,NaN,NaN,NaN,NaN,NaN,NaN,NaN,NaN,10,7,3,2.928684,4.832418,5.162042,8.035061,35.68219,214.1171,6.777841,32.88694,16.95354,0.04154256,0.04254055
232.4579,-2,-1,-1,NaN,NaN,NaN,NaN,NaN,NaN,NaN,NaN,NaN,NaN,NaN,NaN,NaN,10,7,3,2.928684,4.832418,5.162042,8.035061,35.68219,214.1171,6.777841,32.88694,16.95354,0.04154256,0.04254055
233.4754,-2,-1,-1,NaN,NaN,NaN,NaN,NaN,NaN,NaN,NaN,NaN,NaN,NaN,NaN,NaN,10,7,3,2.928684,4.832418,5.162042,8.035061,35.68219,214.1171,6.777841,32.88694,16.95354,0.04154256,0.04254055
234.5257,-2,-1,-1,NaN,NaN,NaN,NaN,NaN,NaN,NaN,NaN,NaN,NaN,NaN,NaN,NaN,8,6,2,2.801537,5.548006,5.094687,7.407008,36.49445,217.0397,6.976732,32.35966,15.04494,0.04558368,0.04726544
235.5159,-2,-1,-1,NaN,NaN,NaN,NaN,NaN,NaN,NaN,NaN,NaN,NaN,NaN,NaN,NaN,8,6,2,2.801537,5.548006,5.094687,7.407008,36.49445,217.0397,6.976732,32.35966,15.04494,0.04558368,0.04726544
236.5388,-2,-1,-1,NaN,NaN,NaN,NaN,NaN,NaN,NaN,NaN,NaN,NaN,NaN,NaN,NaN,8,6,2,2.801537,5.548006,5.094687,7.407008,36.49445,217.0397,6.976732,32.35966,15.04494,0.04558368,0.04726544
237.5875,-2,-1,-1,NaN,NaN,NaN,NaN,NaN,NaN,NaN,NaN,NaN,NaN,NaN,NaN,NaN,8,6,2,2.801537,5.548006,5.094687,7.407008,36.49445,217.0397,6.976732,32.35966,15.04494,0.04558368,0.04726544
238.6443,-2,-1,-1,NaN,NaN,NaN,NaN,NaN,NaN,NaN,NaN,NaN,NaN,NaN,NaN,NaN,8,6,2,2.801537,5.548006,5.094687,7.407008,36.49445,217.0397,6.976732,32.35966,15.04494,0.04558368,0.04726544
239.728,-2,-1,-1,NaN,NaN,NaN,NaN,NaN,NaN,NaN,NaN,NaN,NaN,NaN,NaN,NaN,8,6,2,2.801537,5.548006,5.094687,7.407008,36.49445,217.0397,6.976732,32.35966,15.04494,0.04558368,0.04726544
240.7718,-2,-1,-1,NaN,NaN,NaN,NaN,NaN,NaN,NaN,NaN,NaN,NaN,NaN,NaN,NaN,8,6,2,2.801537,5.548006,5.094687,7.407008,36.49445,217.0397,6.976732,32.35966,15.04494,0.04558368,0.04726544
241.8235,-2,-1,-1,NaN,NaN,NaN,NaN,NaN,NaN,NaN,NaN,NaN,NaN,NaN,NaN,NaN,8,6,2,2.801537,5.548006,5.094687,7.407008,36.49445,217.0397,6.976732,32.35966,15.04494,0.04558368,0.04726544
242.8798,-2,-1,-1,NaN,NaN,NaN,NaN,NaN,NaN,NaN,NaN,NaN,NaN,NaN,NaN,NaN,8,6,2,2.801537,5.548006,5.094687,7.407008,36.49445,217.0397,6.976732,32.35966,15.04494,0.04558368,0.04726544
243.9366,-2,-1,-1,NaN,NaN,NaN,NaN,NaN,NaN,NaN,NaN,NaN,NaN,NaN,NaN,NaN,8,6,2,2.801537,5.548006,5.094687,7.407008,36.49445,217.0397,6.976732,32.35966,15.04494,0.04558368,0.04726544
244.9968,-2,-1,-1,NaN,NaN,NaN,NaN,NaN,NaN,NaN,NaN,NaN,NaN,NaN,NaN,NaN,7,5,2,2.899343,5.920316,5.345976,7.811944,34.93739,213.0901,6.56745,34.08515,14.42266,0.05029887,0.05114608
246.053,-2,-1,-1,NaN,NaN,NaN,NaN,NaN,NaN,NaN,NaN,NaN,NaN,NaN,NaN,NaN,7,5,2,2.899343,5.920316,5.345976,7.811944,34.93739,213.0901,6.56745,34.08515,14.42266,0.05029887,0.05114608
247.136,-2,-1,-1,NaN,NaN,NaN,NaN,NaN,NaN,NaN,NaN,NaN,NaN,NaN,NaN,NaN,7,5,2,2.899343,5.920316,5.345976,7.811944,34.93739,213.0901,6.56745,34.08515,14.42266,0.05029887,0.05114608
248.216,-2,-1,-1,NaN,NaN,NaN,NaN,NaN,NaN,NaN,NaN,NaN,NaN,NaN,NaN,NaN,7,5,2,2.899343,5.920316,5.345976,7.811944,34.93739,213.0901,6.56745,34.08515,14.42266,0.05029887,0.05114608